{"type":"FeatureCollection","features":[{"type":"Feature","properties":{"code":"CHN","name":"China"},"geometry":{"type":"MultiPolygon","coordinates":[[[[116,45.67378927453821],[116.002149,45.675559],[116.011967,45.678557],[116.063334,45.673337],[116.078733,45.673389],[116.094856,45.676541],[116.143949,45.694628],[116.169891,45.709097],[116.230352,45.769766],[116.251643,45.803252],[116.242134,45.82692],[116.220947,45.849761],[116.207098,45.88087],[116.213195,45.908155],[116.357166,46.105559],[116.525114,46.226792],[116.539584,46.24121],[116.548265,46.259296],[116.568316,46.290871],[116.581959,46.298012],[116.603559,46.309319],[116.64521,46.318466],[116.707325,46.324228],[116.722002,46.328698],[116.78484,46.365905],[116.804581,46.382906],[116.814606,46.38673],[116.831659,46.386369],[116.957853,46.366422],[117.301708,46.350144],[117.337468,46.357275],[117.353074,46.379496],[117.357518,46.448406],[117.369197,46.475691],[117.405474,46.510806],[117.412502,46.524629],[117.410125,46.539796],[117.393795,46.57137],[117.47286,46.584677],[117.491774,46.579096],[117.501799,46.577261],[117.510067,46.578476],[117.556266,46.601601],[117.568151,46.603539],[117.582001,46.591989],[117.607529,46.550545],[117.625202,46.535662],[117.673365,46.516025],[117.696206,46.512253],[117.797595,46.520262],[117.817025,46.527471],[117.832735,46.542793],[117.859297,46.580285],[117.878313,46.596382],[117.900638,46.607596],[117.923789,46.615192],[117.972778,46.623409],[118.005541,46.626974],[118.083882,46.668264],[118.101969,46.67307],[118.155506,46.674568],[118.169045,46.678496],[118.206045,46.700923],[118.238291,46.715393],[118.268987,46.722937],[118.30082,46.724849],[118.335547,46.722162],[118.371203,46.713971],[118.435179,46.691156],[118.472799,46.685679],[118.551967,46.685756],[118.567729,46.689735],[118.595169,46.703042],[118.60938,46.705781],[118.647414,46.697719],[118.684621,46.683457],[118.720071,46.676739],[118.753816,46.691156],[118.792211,46.737768],[118.816241,46.758181],[118.846523,46.765493],[118.867452,46.758336],[118.875203,46.74397],[118.879648,46.72733],[118.890551,46.713532],[118.907088,46.709398],[118.922074,46.715496],[118.947034,46.737148],[118.967239,46.740456],[118.984913,46.724539],[119.014058,46.683301],[119.036951,46.668729],[119.062376,46.660951],[119.316934,46.611678],[119.363287,46.613047],[119.452946,46.627491],[119.501263,46.628008],[119.575884,46.619171],[119.602188,46.619688],[119.623478,46.616329],[119.658773,46.596175],[119.680116,46.591628],[119.697789,46.594883],[119.719648,46.602712],[119.740267,46.613254],[119.754426,46.62439],[119.770033,46.643562],[119.782228,46.655629],[119.796284,46.658833],[119.817265,46.651624],[119.834421,46.650952],[119.85442,46.65966],[119.872662,46.673225],[119.890335,46.694774],[119.897983,46.701647],[119.904185,46.708933],[119.907027,46.718312],[119.903358,46.7264],[119.887183,46.74428],[119.883101,46.753013],[119.885891,46.770066],[119.898655,46.802054],[119.897983,46.824378],[119.898914,46.831251],[119.902118,46.837349],[119.902893,46.842413],[119.896795,46.84647],[119.891627,46.848485],[119.886821,46.851457],[119.883101,46.855436],[119.88124,46.860552],[119.881447,46.872851],[119.884961,46.880912],[119.890439,46.88825],[119.896433,46.898586],[119.892919,46.90551],[119.879225,46.908146],[119.862947,46.909024],[119.852301,46.910729],[119.843516,46.918171],[119.839692,46.925664],[119.83685,46.93357],[119.831683,46.942149],[119.81742,46.954913],[119.784295,46.978322],[119.770136,46.992998],[119.767294,46.998114],[119.76652586202067,47],[134.08791007887856,47],[134.08735,46.998812],[134.080839,46.992688],[134.074121,46.988141],[134.06916,46.981242],[134.066989,46.96778],[134.066989,46.926801],[134.062752,46.906854],[134.020481,46.834042],[134.016657,46.819469],[134.021411,46.806136],[134.03588,46.7896],[134.044665,46.772004],[134.041771,46.752703],[134.025855,46.710819],[134.014796,46.665034],[134.005288,46.645836],[133.998498,46.637704],[133.988028,46.625166],[133.967357,46.611187],[133.920332,46.590336],[133.902452,46.573644],[133.898834,46.563257],[133.896354,46.538194],[133.89191,46.52897],[133.849328,46.480291],[133.845814,46.470653],[133.847778,46.456985],[133.854393,46.44466],[133.861524,46.441042],[133.870412,46.440474],[133.881884,46.437115],[133.900281,46.426573],[133.921469,46.41014],[133.933871,46.390761],[133.926016,46.371305],[133.880851,46.353658],[133.863384,46.339291],[133.874443,46.319784],[133.885192,46.326579],[133.896354,46.327199],[133.906999,46.322471],[133.915991,46.312988],[133.89377,46.301878],[133.89408,46.291336],[133.901935,46.278055],[133.902452,46.258986],[133.890049,46.250821],[133.869585,46.244517],[133.855323,46.236559],[133.860904,46.223588],[133.852842,46.217542],[133.836616,46.200437],[133.830105,46.196871],[133.821216,46.200127],[133.812948,46.214183],[133.80623,46.217387],[133.793518,46.214286],[133.78649,46.20669],[133.781735,46.196716],[133.775121,46.186691],[133.766026,46.177958],[133.741014,46.159044],[133.720034,46.150207],[133.698743,46.149019],[133.687374,46.141836],[133.696366,46.115016],[133.71931,46.079307],[133.720034,46.063753],[133.694816,46.022773],[133.658125,45.93451],[133.649857,45.927844],[133.62774,45.937766],[133.617611,45.936267],[133.610066,45.929807],[133.606966,45.919472],[133.606139,45.905106],[133.603038,45.898647],[133.586502,45.888415],[133.584435,45.884125],[133.586089,45.879836],[133.585882,45.876322],[133.579681,45.874772],[133.570069,45.876426],[133.564074,45.88056],[133.559113,45.885211],[133.552292,45.888415],[133.531622,45.888156],[133.514362,45.879268],[133.502683,45.862008],[133.498342,45.837203],[133.494001,45.833328],[133.484906,45.828418],[133.477258,45.820098],[133.477258,45.805836],[133.483769,45.796586],[133.503406,45.787646],[133.511364,45.778551],[133.484906,45.768474],[133.47085,45.728889],[133.443048,45.709666],[133.451626,45.699176],[133.476638,45.693594],[133.4878,45.68667],[133.491521,45.673389],[133.482839,45.662899],[133.456691,45.648791],[133.462168,45.644037],[133.47178,45.632461],[133.477258,45.627707],[133.458448,45.622643],[133.442015,45.620627],[133.427649,45.615253],[133.415143,45.600422],[133.425168,45.580423],[133.413489,45.573343],[133.374835,45.573085],[133.362536,45.567917],[133.33029,45.549262],[133.298871,45.542079],[133.271689,45.528437],[133.24089,45.523269],[133.202133,45.51128],[133.189214,45.504149],[133.179808,45.493813],[133.140224,45.435419],[133.133196,45.419606],[133.128752,45.40276],[133.127202,45.385086],[133.10188,45.287211],[133.106738,45.264628],[133.09754,45.243544],[133.106531,45.214709],[133.120691,45.183445],[133.127202,45.155384],[133.125238,45.141328],[133.121517,45.131252],[133.11542,45.123035],[133.09878,45.10779],[133.073355,45.090634],[133.049687,45.081746],[133.023849,45.058336],[132.992636,45.048466],[132.966178,45.028881],[132.953362,45.024385],[132.92122,45.027899],[132.839777,45.059163],[132.404714,45.146496],[131.96965,45.233829],[131.968823,45.233984],[131.949909,45.23972],[131.931512,45.248712],[131.914563,45.260133],[131.900403,45.272897],[131.888414,45.291138],[131.880456,45.309897],[131.870741,45.32633],[131.853068,45.337596],[131.818031,45.33279],[131.785268,45.304729],[131.723153,45.215329],[131.711268,45.208663],[131.666929,45.209593],[131.644502,45.206441],[131.627758,45.198483],[131.615149,45.184943],[131.605227,45.164635],[131.604917,45.147426],[131.622384,45.123655],[131.6198,45.103656],[131.609052,45.089704],[131.471489,44.996634],[131.465701,44.993224],[131.452162,44.983715],[131.442964,44.971313],[131.433765,44.961288],[131.419502,44.958962],[131.350359,44.968006],[131.329482,44.967644],[131.313152,44.963665],[131.299923,44.956482],[131.258995,44.928163],[131.244629,44.922169],[131.17652,44.90341],[131.15802,44.901705],[131.14045,44.906821],[131.123603,44.915606],[131.110064,44.919533],[131.095801,44.91912],[131.051566,44.909043],[131.045365,44.905426],[131.041128,44.897777],[131.042058,44.882481],[131.038854,44.874575],[131.024798,44.862431],[131.008261,44.856281],[130.990278,44.854162],[130.971571,44.854059],[130.933434,44.841708],[130.930127,44.824965],[130.971571,44.775614],[131.007538,44.757321],[131.021387,44.746882],[131.065829,44.682028],[131.165151,44.36812],[131.264473,44.054211],[131.261476,44.046098],[131.251554,44.041551],[131.235328,44.031112],[131.217758,44.016074],[131.213107,44.006876],[131.2129,43.993233],[131.206699,43.974785],[131.207939,43.959488],[131.218378,43.925873],[131.217344,43.908484],[131.19285,43.860244],[131.172799,43.799111],[131.170319,43.781101],[131.177863,43.725498],[131.17497,43.701468],[131.175073,43.693768],[131.17745,43.684466],[131.185408,43.666328],[131.187992,43.656665],[131.187269,43.647983],[131.181481,43.629844],[131.180241,43.623023],[131.182411,43.614031],[131.190783,43.595893],[131.192023,43.588633],[131.185718,43.574447],[131.165668,43.549023],[131.160707,43.53277],[131.166908,43.521066],[131.252848,43.469169],[131.261683,43.463834],[131.274292,43.451199],[131.277806,43.438487],[131.281836,43.393141],[131.280906,43.380221],[131.269641,43.364744],[131.257755,43.355727],[131.247937,43.344203],[131.242459,43.321414],[131.242046,43.283767],[131.237705,43.265836],[131.225509,43.251935],[131.193056,43.230799],[131.178587,43.217389],[131.169078,43.201705],[131.167218,43.181551],[131.17497,43.1684],[131.184891,43.156333],[131.189852,43.139151],[131.183961,43.120806],[131.169388,43.107809],[131.134352,43.089335],[131.1266,43.082384],[131.124017,43.075356],[131.122983,43.067734],[131.119882,43.059001],[131.112441,43.051869],[131.094044,43.046831],[131.085466,43.042103],[131.078335,43.031819],[131.075234,43.019597],[131.074304,42.993398],[131.082779,42.965234],[131.099315,42.935442],[131.103036,42.910431],[131.073994,42.896582],[131.039474,42.898003],[131.023868,42.896272],[131.008778,42.886892],[131.001957,42.873301],[130.99958,42.858755],[130.992448,42.848729],[130.856229,42.849763],[130.816542,42.864051],[130.794321,42.869064],[130.769516,42.865808],[130.756804,42.853277],[130.748019,42.83749],[130.734893,42.824493],[130.730966,42.825888],[130.64911,42.828937],[130.586478,42.817258],[130.49098,42.780827],[130.407161,42.735377],[130.379669,42.696671],[130.40375,42.677551],[130.438064,42.675303],[130.47434,42.67905],[130.503899,42.67781],[130.52674,42.665769],[130.551132,42.645615],[130.571906,42.621818],[130.584308,42.5989],[130.584515,42.568901],[130.567565,42.552753],[130.530771,42.53048],[130.52519,42.549239],[130.519506,42.58859],[130.516508,42.599365],[130.501419,42.610785],[130.484159,42.61001],[130.467829,42.600398],[130.455117,42.585154],[130.471033,42.569754],[130.467933,42.554897],[130.452533,42.549342],[130.431242,42.561512],[130.426385,42.572105],[130.430002,42.591484],[130.427728,42.599365],[130.420494,42.604274],[130.412742,42.604636],[130.403957,42.604067],[130.393002,42.606238],[130.324789,42.650292],[130.317141,42.667397],[130.262674,42.708609],[130.243037,42.743361],[130.24221,42.782015],[130.256473,42.866894],[130.239006,42.90224],[130.193841,42.908209],[130.140407,42.907124],[130.098756,42.921516],[130.111572,42.92906],[130.122527,42.943323],[130.130485,42.959472],[130.133586,42.972727],[130.121494,42.981848],[130.094312,42.976939],[130.047286,42.961901],[130.008219,42.960557],[129.995713,42.961901],[129.981347,42.966732],[129.971735,42.973735],[129.941556,43.003629],[129.934115,43.00841],[129.920679,43.01027],[129.909207,43.008435],[129.890707,42.999418],[129.879751,42.996033],[129.884092,42.988514],[129.890087,42.982804],[129.897735,42.978747],[129.907037,42.976138],[129.893291,42.971538],[129.863112,42.96898],[129.851743,42.961901],[129.847609,42.951281],[129.846679,42.928234],[129.841511,42.917795],[129.834173,42.907485],[129.799033,42.836663],[129.795002,42.806484],[129.789524,42.79248],[129.773505,42.766951],[129.761309,42.746048],[129.757278,42.734705],[129.755625,42.722277],[129.757588,42.703648],[129.76441,42.696852],[129.774538,42.693338],[129.786527,42.684734],[129.787561,42.676854],[129.779396,42.670394],[129.772264,42.661661],[129.776709,42.647191],[129.751077,42.642928],[129.741569,42.629001],[129.74622,42.615514],[129.763066,42.612387],[129.763066,42.606238],[129.736504,42.585154],[129.73144,42.550918],[129.73361,42.511799],[129.728856,42.475858],[129.703328,42.442372],[129.671185,42.437928],[129.633462,42.445421],[129.591707,42.447953],[129.595634,42.435602],[129.594498,42.422218],[129.587676,42.411366],[129.563182,42.404105],[129.560288,42.396793],[129.559461,42.387],[129.55419,42.376872],[129.545302,42.371317],[129.535173,42.36956],[129.526801,42.373074],[129.523391,42.383383],[129.517086,42.390954],[129.488871,42.402555],[129.482463,42.41072],[129.434094,42.441106],[129.418798,42.441054],[129.406189,42.435964],[129.39544,42.430202],[129.386241,42.428109],[129.372082,42.432553],[129.36309,42.445007],[129.352135,42.447953],[129.340146,42.445472],[129.338596,42.438367],[129.343763,42.42922],[129.352135,42.420616],[129.337872,42.414415],[129.326504,42.426765],[129.315445,42.422321],[129.307073,42.407619],[129.303766,42.389584],[129.296635,42.387233],[129.243098,42.378706],[129.23607,42.374366],[129.231109,42.367648],[129.228008,42.359199],[129.228628,42.350207],[129.234209,42.346564],[129.240307,42.344031],[129.242271,42.338735],[129.236276,42.323878],[129.226148,42.318142],[129.193902,42.318245],[129.193902,42.310778],[129.20372,42.310158],[129.212402,42.307755],[129.22067,42.303672],[129.228008,42.297729],[129.216123,42.291063],[129.214159,42.283699],[129.214779,42.275638],[129.211162,42.267008],[129.202894,42.262744],[129.192145,42.259851],[129.18336,42.254554],[129.180776,42.243107],[129.186874,42.236028],[129.209301,42.234684],[129.214262,42.225692],[129.211162,42.219956],[129.204237,42.214324],[129.196382,42.209182],[129.177675,42.193446],[129.148013,42.173706],[129.119798,42.149366],[129.105535,42.142106],[129.088482,42.143191],[129.064711,42.153759],[129.06347,42.136086],[129.053342,42.122856],[129.026574,42.101876],[129.0089,42.09508],[128.985026,42.09291],[128.963838,42.088517],[128.954847,42.075237],[128.940067,42.035368],[128.90348,42.026273],[128.883172,42.030409],[128.817077,42.043869],[128.720959,42.04759],[128.70928,42.030175],[128.682512,42.02573],[128.607891,42.030175],[128.597556,42.027126],[128.587737,42.019994],[128.573681,42.004311],[128.56438,42.000797],[128.553321,42.006636],[128.543709,42.008057],[128.502368,41.996094],[128.488312,41.997515],[128.453999,42.010331],[128.407593,42.008341],[128.387129,42.020692],[128.363772,42.02648],[128.261969,42.032862],[128.100532,41.999091],[128.054643,41.998316],[128.034593,41.993743],[128.021467,41.979816],[128.020433,41.965062],[128.039967,41.87959],[128.047822,41.863983],[128.05764,41.84985],[128.091023,41.841737],[128.097018,41.822616],[128.14425,41.754713],[128.154895,41.733759],[128.159133,41.711822],[128.186005,41.692908],[128.224142,41.669447],[128.25091,41.66012],[128.268997,41.643377],[128.281399,41.62299],[128.28326,41.605058],[128.303,41.583406],[128.287601,41.5447],[128.185695,41.404451],[128.14611,41.376339],[128.103943,41.379129],[128.118205,41.393444],[128.103943,41.399593],[128.08813,41.388896],[128.064152,41.388431],[128.046892,41.398766],[128.050612,41.420729],[128.033663,41.413752],[128.023844,41.411479],[128.015162,41.413287],[128.011545,41.424346],[128.013095,41.442278],[128.012372,41.460106],[128.001416,41.470855],[127.992735,41.46114],[127.984467,41.454008],[127.974235,41.450339],[127.944211,41.470855],[127.903593,41.466256],[127.881475,41.460881],[127.871864,41.45375],[127.865146,41.43742],[127.848868,41.431322],[127.828869,41.433958],[127.810369,41.44357],[127.784634,41.436903],[127.690273,41.43897],[127.662677,41.44698],[127.65813,41.446567],[127.647071,41.432976],[127.638338,41.429875],[127.63069,41.432873],[127.597513,41.450339],[127.558808,41.458246],[127.544752,41.468891],[127.542891,41.491319],[127.525838,41.484342],[127.508475,41.488166],[127.491008,41.495401],[127.47411,41.498812],[127.457109,41.494729],[127.443053,41.488011],[127.427343,41.483102],[127.405122,41.484497],[127.40135,41.486823],[127.395924,41.49137],[127.388482,41.496021],[127.378974,41.498812],[127.371119,41.498088],[127.353704,41.492714],[127.344247,41.491319],[127.305128,41.494678],[127.28637,41.499018],[127.269058,41.504961],[127.275156,41.507338],[127.283579,41.512196],[127.28978,41.518552],[127.288953,41.525477],[127.28146,41.531058],[127.274691,41.530438],[127.267456,41.527337],[127.258309,41.525477],[127.244512,41.528009],[127.221981,41.540773],[127.207098,41.545941],[127.200328,41.542065],[127.187254,41.521498],[127.17971,41.51695],[127.174335,41.519276],[127.170356,41.523926],[127.165137,41.528526],[127.155938,41.530541],[127.142399,41.523926],[127.134648,41.522014],[127.12824,41.531575],[127.12085,41.534779],[127.111962,41.536639],[127.104675,41.537414],[127.118008,41.555759],[127.136508,41.569247],[127.15785,41.5786],[127.17971,41.585163],[127.166067,41.594956],[127.113977,41.610355],[127.097234,41.612448],[127.101885,41.622293],[127.104675,41.626168],[127.074031,41.635703],[127.058993,41.643299],[127.049433,41.653428],[127.045454,41.668],[127.048968,41.677741],[127.059613,41.682237],[127.076615,41.68079],[127.068347,41.69358],[127.046798,41.719238],[127.042664,41.732648],[127.033155,41.731588],[126.999631,41.752049],[126.981169,41.763318],[126.958586,41.766806],[126.946132,41.766186],[126.940654,41.771767],[126.939621,41.793729],[126.929802,41.801041],[126.908512,41.796158],[126.887118,41.784918],[126.877454,41.77355],[126.864793,41.747272],[126.808879,41.729831],[126.79627,41.704949],[126.788622,41.695906],[126.771362,41.704484],[126.741545,41.729185],[126.727282,41.736911],[126.712503,41.741226],[126.696587,41.741226],[126.679482,41.735981],[126.68713,41.724018],[126.699635,41.716421],[126.714157,41.70991],[126.727954,41.701254],[126.712245,41.694175],[126.680102,41.671902],[126.669301,41.667122],[126.633955,41.668621],[126.617883,41.665933],[126.60207,41.642059],[126.567034,41.614154],[126.566517,41.601932],[126.577266,41.588315],[126.580883,41.575241],[126.577266,41.561805],[126.558766,41.534158],[126.542229,41.488993],[126.507606,41.447239],[126.501301,41.434371],[126.508278,41.409153],[126.522127,41.377631],[126.522127,41.351947],[126.487659,41.344403],[126.487659,41.351792],[126.493757,41.35479],[126.496495,41.358045],[126.498201,41.361766],[126.501301,41.366107],[126.472518,41.36652],[126.440892,41.348382],[126.391489,41.303423],[126.380585,41.290814],[126.357331,41.249421],[126.346169,41.237691],[126.321002,41.218881],[126.30953,41.207822],[126.284364,41.164103],[126.274752,41.15258],[126.260696,41.143123],[126.147421,41.092273],[126.123753,41.07553],[126.138171,41.056978],[126.12644,41.043232],[126.111506,41.032432],[126.101326,41.022097],[126.104065,41.009178],[126.093368,41.006232],[126.083704,41.002511],[126.075643,40.997085],[126.069286,40.989385],[126.071974,40.9806],[126.065824,40.968612],[126.045515,40.944685],[126.028565,40.93528],[126.009548,40.932696],[125.99203,40.928356],[125.980558,40.913628],[125.996629,40.91492],[126.010013,40.913886],[126.015336,40.909132],[126.007843,40.899313],[125.995079,40.894146],[125.96428,40.891304],[125.949604,40.88257],[125.936168,40.877403],[125.924024,40.884069],[125.912293,40.894146],[125.901545,40.899313],[125.885215,40.897505],[125.872709,40.892699],[125.831678,40.87084],[125.821963,40.869755],[125.779175,40.884637],[125.770803,40.886239],[125.760933,40.885671],[125.754732,40.881692],[125.750753,40.874767],[125.745895,40.868153],[125.737007,40.865207],[125.706414,40.860453],[125.70409,40.859195],[125.683212,40.847895],[125.644816,40.810585],[125.673342,40.784075],[125.682643,40.768882],[125.668691,40.762164],[125.609935,40.761286],[125.608126,40.76418],[125.600323,40.772706],[125.586525,40.781853],[125.571746,40.784902],[125.560067,40.778339],[125.555364,40.758754],[125.553349,40.737101],[125.546476,40.725939],[125.533092,40.721805],[125.491647,40.720926],[125.47878,40.718756],[125.469065,40.712917],[125.459814,40.701341],[125.456921,40.693693],[125.4563,40.679689],[125.452993,40.673384],[125.443691,40.668733],[125.426328,40.671162],[125.418887,40.666563],[125.41516,40.652685],[125.414959,40.651938],[125.41713,40.639278],[125.413254,40.631785],[125.390878,40.632456],[125.384574,40.635092],[125.372481,40.643929],[125.363593,40.646719],[125.356048,40.646047],[125.33667,40.641138],[125.323182,40.644859],[125.308196,40.64982],[125.293313,40.648579],[125.27719,40.643618],[125.270989,40.632456],[125.264839,40.622483],[125.256106,40.615041],[125.242412,40.611321],[125.216418,40.602639],[125.181537,40.593957],[125.153063,40.583984],[125.133064,40.572873],[125.114616,40.56414],[125.089656,40.55551],[125.073585,40.548017],[125.05002,40.541816],[125.025112,40.534374],[125.015294,40.521972],[125.015294,40.508278],[125.027696,40.495876],[125.038858,40.483473],[125.0463,40.471071],[125.041287,40.461097],[125.026301,40.457377],[125.006612,40.456136],[124.986613,40.457377],[124.959587,40.453656],[124.935299,40.455568],[124.925894,40.457893],[124.917935,40.461097],[124.915145,40.465852],[124.905636,40.476497],[124.895508,40.483628],[124.89065,40.477892],[124.883829,40.465541],[124.849878,40.43159],[124.800837,40.394073],[124.779856,40.383479],[124.756808,40.37919],[124.741202,40.370353],[124.73128,40.349735],[124.72296,40.326687],[124.71247,40.310305],[124.69304,40.302812],[124.642603,40.294286],[124.627204,40.286121],[124.611184,40.272168],[124.570877,40.252428],[124.554857,40.241421],[124.551756,40.236201],[124.550206,40.224729],[124.548656,40.220905],[124.543023,40.21765],[124.532378,40.215996],[124.528192,40.214136],[124.385565,40.110473],[124.369965,40.098293],[124.358246,40.089057],[124.356944,40.076321],[124.362559,40.04678],[124.364024,40.020901],[124.361339,40.011176],[124.352306,39.998969],[124.307872,39.961086],[124.302989,39.954088],[124.299083,39.940375],[124.2942,39.933783],[124.286713,39.929348],[124.280284,39.928697],[124.273692,39.9289],[124.266368,39.926947],[124.202159,39.878607],[124.15504,39.861314],[124.137218,39.842353],[124.118175,39.833157],[124.088145,39.851874],[124.066905,39.836168],[124.055431,39.829901],[124.041026,39.82453],[123.998057,39.815904],[123.985688,39.810248],[123.975108,39.815009],[123.967784,39.820543],[123.954926,39.834174],[123.942149,39.840562],[123.930675,39.836859],[123.920258,39.829495],[123.910655,39.82453],[123.887543,39.822903],[123.860362,39.824408],[123.834076,39.829169],[123.814464,39.837592],[123.807628,39.837592],[123.773041,39.818345],[123.720063,39.830552],[123.669688,39.856594],[123.643077,39.878567],[123.656749,39.919501],[123.640147,39.9147],[123.630951,39.903998],[123.626231,39.889106],[123.622569,39.871731],[123.601573,39.817084],[123.597667,39.792629],[123.591401,39.784329],[123.563731,39.770941],[123.563243,39.768785],[123.563243,39.770413],[123.553722,39.776109],[123.550792,39.779486],[123.547374,39.785346],[123.54184,39.791693],[123.533214,39.796617],[123.513194,39.797797],[123.495616,39.790717],[123.481537,39.77969],[123.445649,39.737047],[123.427745,39.72663],[123.410411,39.735175],[123.408458,39.745998],[123.410411,39.796617],[123.413097,39.801825],[123.418224,39.806545],[123.421153,39.813218],[123.417084,39.82453],[123.411632,39.82567],[123.403087,39.823554],[123.398204,39.818345],[123.403575,39.810248],[123.386729,39.789618],[123.364513,39.785224],[123.339366,39.784898],[123.314057,39.776109],[123.302989,39.784491],[123.285004,39.803453],[123.273204,39.810248],[123.264171,39.797309],[123.257172,39.801093],[123.252778,39.811184],[123.252045,39.817084],[123.244721,39.814032],[123.238048,39.809231],[123.23585,39.802436],[123.242198,39.793524],[123.252778,39.782904],[123.26352,39.767646],[123.265391,39.754096],[123.249034,39.748236],[123.222992,39.75495],[123.209972,39.75495],[123.204194,39.745063],[123.206391,39.734687],[123.212169,39.731391],[123.220795,39.730699],[123.242279,39.725491],[123.249278,39.725328],[123.255138,39.724107],[123.26295,39.718085],[123.269135,39.707587],[123.26588,39.701077],[123.223155,39.679755],[123.174327,39.665758],[123.128429,39.664862],[123.108002,39.690131],[123.099946,39.685777],[123.058116,39.67475],[123.039806,39.673082],[123.029633,39.674709],[123.016612,39.679511],[123.009125,39.680487],[123.005707,39.677436],[123.00058,39.671088],[122.991954,39.66592],[122.977631,39.666246],[122.977631,39.65884],[122.996349,39.649644],[122.992442,39.636705],[122.964122,39.61164],[122.944916,39.619696],[122.871593,39.60578],[122.848643,39.617865],[122.788178,39.572333],[122.779796,39.560452],[122.769135,39.558173],[122.710785,39.535956],[122.696544,39.523871],[122.688243,39.518622],[122.676768,39.515448],[122.672944,39.519965],[122.660981,39.528022],[122.648448,39.532416],[122.642589,39.526028],[122.636567,39.50845],[122.587901,39.466986],[122.576915,39.475653],[122.569102,39.483547],[122.562104,39.486762],[122.553233,39.48135],[122.553233,39.477525],[122.557221,39.473293],[122.561046,39.467963],[122.560069,39.460761],[122.555431,39.456],[122.551117,39.455959],[122.546479,39.45661],[122.54005,39.454006],[122.495616,39.427191],[122.469819,39.416693],[122.447032,39.412421],[122.413829,39.413642],[122.396332,39.411038],[122.383311,39.395657],[122.355968,39.387885],[122.344737,39.382025],[122.333263,39.372056],[122.318858,39.362006],[122.303559,39.354153],[122.29005,39.350979],[122.283702,39.343411],[122.27711,39.328518],[122.267426,39.31802],[122.251475,39.323676],[122.250743,39.319037],[122.249522,39.316555],[122.245372,39.310614],[122.240245,39.285631],[122.198578,39.251207],[122.115001,39.200751],[122.11671,39.188666],[122.110606,39.174994],[122.104015,39.163804],[122.104503,39.159125],[122.135834,39.158149],[122.149913,39.154446],[122.16269,39.146145],[122.14267,39.146308],[122.127452,39.141995],[122.073334,39.10456],[122.063975,39.101752],[122.055675,39.101386],[122.047862,39.099189],[122.039317,39.090888],[122.05128,39.067125],[122.042328,39.059719],[121.988048,39.062934],[121.980479,39.058783],[121.971283,39.049628],[121.959321,39.040473],[121.942963,39.036282],[121.929454,39.039862],[121.917247,39.046332],[121.904307,39.049384],[121.888438,39.042467],[121.901947,39.038031],[121.912934,39.030707],[121.920258,39.020941],[121.923188,39.008979],[121.879405,39.027411],[121.855968,39.033759],[121.826915,39.036282],[121.837983,39.015082],[121.880138,38.997016],[121.895274,38.981024],[121.894786,38.970771],[121.887543,38.962388],[121.871349,38.950629],[121.859874,38.944648],[121.847911,38.947455],[121.811534,38.972846],[121.78712,39.006903],[121.772472,39.021959],[121.744884,39.033515],[121.724701,39.030178],[121.720063,39.019517],[121.73878,39.008979],[121.73878,39.001532],[121.71046,39.006741],[121.680186,39.008979],[121.670909,39.007717],[121.635753,38.995307],[121.649262,38.994452],[121.656016,38.990627],[121.657807,38.983873],[121.656342,38.974189],[121.652599,38.963446],[121.647797,38.959377],[121.628917,38.954332],[121.60434,38.951972],[121.592133,38.948676],[121.587413,38.94009],[121.59254,38.935981],[121.618175,38.926418],[121.65919,38.926256],[121.676768,38.921536],[121.693614,38.909613],[121.703624,38.891913],[121.704845,38.873114],[121.6963,38.862942],[121.676117,38.871161],[121.654796,38.857856],[121.581065,38.862982],[121.552745,38.85814],[121.512218,38.826972],[121.504893,38.826483],[121.498871,38.814643],[121.484955,38.809882],[121.380138,38.816596],[121.344737,38.814643],[121.287608,38.788072],[121.260753,38.795111],[121.236664,38.798489],[121.21754,38.77558],[121.225597,38.776313],[121.244721,38.77558],[121.198497,38.727851],[121.179535,38.720933],[121.153087,38.727607],[121.141368,38.742743],[121.132416,38.758734],[121.114513,38.768134],[121.124115,38.778388],[121.134044,38.782213],[121.139252,38.789496],[121.134858,38.80976],[121.127778,38.818915],[121.117931,38.828192],[121.111339,38.840277],[121.114513,38.85814],[121.140147,38.874254],[121.152354,38.886298],[121.148529,38.899075],[121.090424,38.899075],[121.086192,38.905707],[121.096202,38.9206],[121.117931,38.943427],[121.128754,38.947333],[121.179535,38.954332],[121.188813,38.952297],[121.201996,38.942857],[121.210704,38.94009],[121.219493,38.940497],[121.234386,38.945624],[121.256847,38.949652],[121.29184,38.967353],[121.320323,38.966498],[121.334321,38.968573],[121.340343,38.977607],[121.338145,38.985256],[121.328868,39.00141],[121.326752,39.01203],[121.334239,39.026597],[121.352306,39.038072],[121.374848,39.044176],[121.395518,39.042467],[121.403331,39.038275],[121.408539,39.032864],[121.4192,39.018541],[121.428071,39.014716],[121.441498,39.013902],[121.467296,39.015123],[121.486339,39.019599],[121.546479,39.049262],[121.632335,39.069485],[121.674083,39.088039],[121.689789,39.11815],[121.681,39.13642],[121.649181,39.158149],[121.641938,39.176215],[121.629893,39.173245],[121.6067,39.180813],[121.592621,39.192206],[121.607921,39.200751],[121.605968,39.20539],[121.603363,39.216498],[121.601654,39.221259],[121.626313,39.224514],[121.633067,39.236151],[121.604086,39.25295],[121.589939,39.264054],[121.611984,39.274981],[121.636974,39.27265],[121.641938,39.272162],[121.646983,39.264879],[121.658458,39.266791],[121.680186,39.275214],[121.717784,39.296942],[121.736095,39.311754],[121.738292,39.319648],[121.731293,39.330471],[121.75351,39.355211],[121.765147,39.365383],[121.779796,39.371487],[121.79127,39.371324],[121.837494,39.364651],[121.865489,39.370551],[121.91505,39.395413],[121.942963,39.399359],[121.931244,39.417182],[121.922374,39.415229],[121.91269,39.40526],[121.898692,39.399359],[121.880951,39.397162],[121.848888,39.387356],[121.830658,39.385077],[121.745372,39.397895],[121.707774,39.395657],[121.717784,39.371487],[121.54892,39.361884],[121.52589,39.364651],[121.491954,39.388983],[121.461436,39.4737],[121.436046,39.508612],[121.419932,39.516059],[121.399506,39.520209],[121.354015,39.522203],[121.340424,39.519273],[121.319428,39.505683],[121.306163,39.501776],[121.299815,39.503363],[121.282481,39.512152],[121.272716,39.515448],[121.236827,39.514716],[121.227794,39.518866],[121.223399,39.528632],[121.228526,39.536444],[121.238373,39.54149],[121.248546,39.543402],[121.260001,39.563673],[121.291515,39.586371],[121.306163,39.597968],[121.326508,39.602362],[121.382183,39.601337],[121.449805,39.615098],[121.470714,39.632148],[121.463878,39.645819],[121.498165,39.652924],[121.52589,39.617865],[121.533295,39.622301],[121.536143,39.626654],[121.537201,39.631985],[121.539561,39.638983],[121.53769,39.641425],[121.527843,39.649604],[121.52589,39.652655],[121.528656,39.655951],[121.53769,39.662909],[121.539561,39.666246],[121.542328,39.669379],[121.547374,39.673163],[121.550141,39.678656],[121.546479,39.686713],[121.537446,39.692532],[121.530284,39.690985],[121.524018,39.687323],[121.518403,39.686713],[121.506847,39.694322],[121.490864,39.720994],[121.463878,39.738593],[121.462657,39.741523],[121.459809,39.74433],[121.457286,39.748481],[121.474185,39.756074],[121.484612,39.764005],[121.48732,39.778],[121.47755,39.78677],[121.471528,39.80508],[121.470714,39.810248],[121.509917,39.824031],[121.535899,39.861762],[121.566292,39.858842],[121.616093,39.871701],[121.635972,39.896687],[121.684906,39.922512],[121.707123,39.926947],[121.734386,39.923285],[121.754649,39.91828],[121.774425,39.920844],[121.799653,39.940009],[121.803803,39.948717],[121.805186,39.957831],[121.809662,39.965033],[121.836029,39.971137],[121.854747,39.985175],[121.87379,39.9914],[121.880138,39.998725],[121.880951,40.007961],[121.874766,40.016303],[121.864757,40.019436],[121.837901,40.020453],[121.826915,40.022528],[121.880461,40.041499],[121.929468,40.077286],[121.933116,40.101386],[121.995668,40.123895],[122.006358,40.156317],[121.991466,40.186998],[122.015961,40.188137],[122.038585,40.196357],[122.058849,40.209215],[122.091646,40.227207],[122.102306,40.248725],[122.107514,40.262152],[122.109386,40.275458],[122.108165,40.283881],[122.108653,40.291815],[122.106116,40.310123],[122.128687,40.325917],[122.180328,40.35242],[122.211029,40.380601],[122.203624,40.427232],[122.241954,40.427232],[122.250092,40.430609],[122.250987,40.438422],[122.249766,40.447333],[122.251475,40.453925],[122.265636,40.461371],[122.279552,40.465725],[122.288097,40.472846],[122.286876,40.488715],[122.30185,40.502346],[122.293956,40.523017],[122.275645,40.543647],[122.224864,40.578518],[122.176497,40.586583],[122.150434,40.603864],[122.137586,40.62402],[122.167979,40.65351],[122.170665,40.68651],[122.159434,40.701606],[122.136974,40.685126],[122.121837,40.680121],[122.108653,40.69953],[122.067149,40.735053],[122.049083,40.74608],[121.897185,40.807837],[121.872005,40.815057],[121.851085,40.832261],[121.843761,40.859687],[121.840587,40.913804],[121.836192,40.919745],[121.82838,40.933905],[121.825938,40.948188],[121.837494,40.954779],[121.848888,40.958441],[121.858897,40.967475],[121.874766,40.989569],[121.867931,40.995795],[121.82602,40.974026],[121.807384,40.960028],[121.777709,40.934972],[121.780056,40.90791],[121.769202,40.888949],[121.75839,40.871992],[121.739552,40.849079],[121.694423,40.848363],[121.594962,40.845924],[121.575043,40.841498],[121.567638,40.845526],[121.528888,40.867267],[121.510428,40.879357],[121.479997,40.884489],[121.450206,40.885932],[121.440929,40.891343],[121.43686,40.899075],[121.434581,40.907213],[121.429779,40.913804],[121.418468,40.918891],[121.394542,40.924221],[121.384776,40.930609],[121.361339,40.939643],[121.33725,40.928168],[121.315522,40.910142],[121.299327,40.899604],[121.285655,40.899237],[121.273936,40.903022],[121.264903,40.910386],[121.258393,40.92064],[121.244721,40.906399],[121.224946,40.927069],[121.200287,40.930732],[121.175792,40.922309],[121.155365,40.906399],[121.142426,40.900702],[121.130626,40.893297],[121.119965,40.884914],[121.111095,40.876044],[121.106049,40.873236],[121.083588,40.865424],[121.079926,40.862982],[121.080089,40.857082],[121.081147,40.850246],[121.08017,40.844916],[121.080273,40.828395],[121.065721,40.818396],[121.068351,40.803389],[121.04985,40.797401],[121.041924,40.814401],[121.029633,40.826483],[121.004975,40.833075],[120.990977,40.831285],[120.981944,40.826809],[120.97047,40.817939],[120.963227,40.806586],[120.967052,40.794013],[120.968516,40.783596],[120.957856,40.774726],[120.943858,40.765855],[120.93629,40.755561],[120.939545,40.740546],[120.956036,40.737331],[120.975847,40.739341],[120.994395,40.736274],[121.010265,40.730862],[121.020738,40.71933],[120.995649,40.715319],[120.962637,40.70929],[120.940195,40.691246],[120.92303,40.689223],[120.895305,40.685181],[120.884776,40.680487],[120.867686,40.678656],[120.847764,40.683097],[120.825321,40.674033],[120.819591,40.656928],[120.816417,40.640041],[120.808604,40.618354],[120.798432,40.599677],[120.788585,40.591742],[120.77003,40.585761],[120.700113,40.537244],[120.678788,40.521916],[120.669619,40.502841],[120.665703,40.4908],[120.659114,40.483761],[120.633311,40.475165],[120.620942,40.474433],[120.604096,40.465155],[120.597016,40.450019],[120.598481,40.43183],[120.597376,40.422423],[120.584076,40.413723],[120.562104,40.411322],[120.545665,40.402411],[120.539073,40.38288],[120.547526,40.376159],[120.567316,40.380237],[120.588396,40.38432],[120.591153,40.367298],[120.564868,40.354182],[120.534584,40.344059],[120.501758,40.32691],[120.500987,40.307847],[120.501313,40.291897],[120.506602,40.273342],[120.504893,40.249091],[120.492524,40.231269],[120.472016,40.214301],[120.450694,40.201077],[120.436046,40.194485],[120.394352,40.194312],[120.358002,40.191799],[120.333588,40.186998],[120.309027,40.179668],[120.289474,40.163484],[120.261322,40.146715],[120.246357,40.144123],[120.225469,40.134947],[120.19394,40.126654],[120.188975,40.126166],[120.183197,40.123236],[120.154964,40.111355],[120.118429,40.100035],[119.950277,40.056502],[119.91531,40.036153],[119.911798,40.011106],[119.911998,39.998088],[119.875501,39.994739],[119.85019,39.986314],[119.811046,39.973049],[119.792491,39.963446],[119.774425,39.950507],[119.749649,39.952397],[119.708217,39.934935],[119.660899,39.932685],[119.620616,39.911038],[119.603038,39.90644],[119.571864,39.904296],[119.5537,39.899063],[119.535592,39.890826],[119.524913,39.871731],[119.519867,39.858303],[119.524899,39.841649],[119.530699,39.814702],[119.495524,39.813236],[119.466795,39.814848],[119.429406,39.795306],[119.411538,39.778029],[119.385869,39.75963],[119.367866,39.748348],[119.355805,39.735785],[119.349864,39.731757],[119.33961,39.715562],[119.314057,39.641181],[119.302338,39.617825],[119.284923,39.595445],[119.281016,39.596747],[119.267589,39.597968],[119.245372,39.594468],[119.223237,39.584662],[119.208588,39.569566],[119.208995,39.550198],[119.232677,39.56623],[119.243012,39.570705],[119.238048,39.56273],[119.234141,39.554389],[119.231212,39.545478],[119.22934,39.535956],[119.242686,39.545885],[119.262397,39.577512],[119.270142,39.580636],[119.281398,39.575014],[119.261981,39.535084],[119.256425,39.493111],[119.270763,39.489061],[119.297103,39.455217],[119.305075,39.432978],[119.296128,39.411639],[119.279429,39.384006],[119.25566,39.365522],[119.22585,39.357767],[119.203345,39.363438],[119.184804,39.354814],[119.129266,39.294074],[119.093767,39.260808],[119.062349,39.231466],[119.039317,39.212877],[119.015636,39.189765],[118.9935,39.179633],[118.940196,39.138861],[118.926036,39.130601],[118.910411,39.125434],[118.894298,39.124416],[118.894298,39.131822],[118.931895,39.152248],[118.941987,39.159125],[118.947602,39.168606],[118.950694,39.179023],[118.956309,39.188056],[118.969981,39.193305],[118.945567,39.192125],[118.90268,39.176663],[118.880626,39.172797],[118.885509,39.185248],[118.87143,39.2001],[118.87379,39.213813],[118.858979,39.207506],[118.840535,39.17563],[118.8162,39.163665],[118.795991,39.151777],[118.774694,39.14817],[118.727779,39.14725],[118.687204,39.153473],[118.649082,39.159732],[118.61936,39.161042],[118.590151,39.148312],[118.560493,39.147043],[118.52711,39.149237],[118.519379,39.13935],[118.529146,39.124653],[118.512146,39.11598],[118.487096,39.102018],[118.469106,39.097793],[118.409959,39.0629],[118.380115,39.050422],[118.360351,39.041948],[118.34427,39.030709],[118.326096,39.030932],[118.300126,39.040564],[118.267855,39.043004],[118.235285,39.053098],[118.207122,39.076706],[118.186804,39.11008],[118.170936,39.135251],[118.140528,39.172835],[118.096404,39.202392],[118.04538,39.218972],[118.02802,39.219798],[117.973725,39.216132],[117.931163,39.212104],[117.88559,39.201117],[117.811816,39.15137],[117.757335,39.114447],[117.737559,39.106391],[117.715424,39.111396],[117.718272,39.093004],[117.726649,39.088291],[117.737817,39.078387],[117.751478,39.067914],[117.757484,39.045086],[117.765772,39.026155],[117.773615,38.998904],[117.775264,38.981058],[117.743256,38.982245],[117.729503,38.984361],[117.701915,38.995307],[117.704356,38.986151],[117.705577,38.984361],[117.708751,38.981024],[117.583995,38.811591],[117.57838,38.79267],[117.576264,38.773749],[117.573222,38.713748],[117.558778,38.690941],[117.557246,38.672349],[117.560473,38.657097],[117.552953,38.643447],[117.543549,38.621324],[117.565971,38.612507],[117.580438,38.58481],[117.668045,38.446157],[117.716082,38.378511],[117.803894,38.294018],[117.837169,38.270901],[117.900157,38.246161],[117.941698,38.233946],[117.963346,38.210694],[117.977544,38.194837],[117.988995,38.198566],[118.007197,38.19701],[118.038225,38.180718],[118.053727,38.173253],[118.057785,38.161079],[118.052408,38.153659],[118.065214,38.143082],[118.081798,38.140692],[118.084809,38.138739],[118.095795,38.14232],[118.107677,38.148586],[118.119233,38.152289],[118.146088,38.142483],[118.215831,38.144965],[118.312022,38.127875],[118.424005,38.111569],[118.448928,38.107787],[118.472505,38.101881],[118.494151,38.093817],[118.512299,38.08808],[118.533946,38.072943],[118.542979,38.068345],[118.550629,38.070014],[118.556895,38.07392],[118.561534,38.076077],[118.573009,38.079901],[118.583507,38.089179],[118.599376,38.110826],[118.615777,38.12512],[118.654871,38.145695],[118.760353,38.155132],[118.805431,38.151801],[118.825066,38.151642],[118.840099,38.152574],[118.898245,38.123299],[118.950037,38.097262],[118.924815,38.057766],[118.941987,38.049384],[118.956147,38.033596],[118.973399,37.996487],[118.996593,37.963121],[119.048405,37.947978],[119.092493,37.912773],[119.116942,37.853271],[119.155697,37.823964],[119.206836,37.802839],[119.243083,37.769482],[119.259597,37.715847],[119.255664,37.671867],[119.217736,37.675248],[119.189313,37.700735],[119.120141,37.737508],[119.069472,37.740631],[119.037128,37.722089],[119.027527,37.703943],[119.025401,37.689923],[119.010753,37.653754],[118.992442,37.633368],[118.976654,37.610907],[118.969981,37.593451],[118.967784,37.573228],[118.957856,37.531399],[118.944591,37.378119],[118.949474,37.336168],[118.961192,37.29564],[118.972423,37.280666],[118.990489,37.274726],[119.01474,37.269843],[119.030121,37.257799],[119.042735,37.242377],[119.058604,37.227607],[119.115001,37.201117],[119.145518,37.17886],[119.28712,37.137274],[119.441173,37.120551],[119.475108,37.133287],[119.524506,37.139065],[119.538585,37.1376],[119.563487,37.141791],[119.660737,37.1376],[119.716807,37.141588],[119.7706,37.151842],[119.778901,37.16706],[119.79184,37.180569],[119.877452,37.233832],[119.897309,37.249416],[119.886729,37.284654],[119.863536,37.321926],[119.846283,37.343695],[119.858897,37.360175],[119.882335,37.370754],[119.928966,37.384589],[119.988292,37.413275],[119.997813,37.42182],[120.009044,37.422349],[120.059825,37.440416],[120.187592,37.511786],[120.297618,37.597886],[120.32252,37.632392],[120.306407,37.665188],[120.293793,37.670315],[120.278575,37.672431],[120.247569,37.672593],[120.235362,37.67475],[120.222911,37.679429],[120.215668,37.684068],[120.219981,37.686265],[120.31186,37.686265],[120.3685,37.694729],[120.385997,37.704535],[120.391368,37.706732],[120.410981,37.712104],[120.443126,37.738186],[120.46339,37.747748],[120.556163,37.761379],[120.564545,37.76435],[120.593598,37.781887],[120.635265,37.788723],[120.674327,37.801988],[120.704926,37.82095],[120.738048,37.83397],[120.784923,37.829657],[120.821625,37.817328],[120.836681,37.815985],[120.846446,37.818101],[120.865977,37.827541],[120.877696,37.829657],[120.899425,37.827053],[120.925792,37.819281],[120.940766,37.806464],[120.928803,37.788723],[120.940929,37.773993],[120.956879,37.760891],[120.975352,37.75137],[120.99464,37.747748],[121.005382,37.744289],[121.011485,37.735907],[121.016124,37.725735],[121.021983,37.716702],[121.032563,37.710395],[121.043549,37.710354],[121.054698,37.712714],[121.066661,37.713568],[121.113292,37.708238],[121.13795,37.701158],[121.148529,37.689399],[121.142426,37.676825],[121.132172,37.664496],[121.130138,37.651801],[121.148529,37.637885],[121.135509,37.626288],[121.134369,37.610541],[121.1421,37.594672],[121.155365,37.582587],[121.171641,37.577094],[121.191498,37.575181],[121.308116,37.581244],[121.344737,37.590806],[121.374522,37.610541],[121.360606,37.631334],[121.354015,37.637885],[121.372162,37.632717],[121.393565,37.622463],[121.414073,37.609687],[121.429779,37.596869],[121.398448,37.594875],[121.38144,37.582994],[121.381684,37.566107],[121.401703,37.549058],[121.424571,37.536322],[121.446788,37.519599],[121.463959,37.499457],[121.470714,37.476467],[121.476899,37.468004],[121.491466,37.462958],[121.522227,37.459703],[121.53712,37.456244],[121.549815,37.447821],[121.570323,37.428656],[121.591645,37.424465],[121.651622,37.437079],[121.676117,37.439195],[121.654877,37.457709],[121.634288,37.462388],[121.587413,37.453559],[121.592784,37.463853],[121.60255,37.471869],[121.613048,37.477281],[121.62143,37.48017],[121.63502,37.481269],[121.644786,37.478461],[121.652354,37.474677],[121.659434,37.472724],[121.732432,37.461737],[121.937836,37.46426],[121.957286,37.459703],[121.957286,37.453559],[121.949067,37.448391],[121.944591,37.440741],[121.944591,37.432522],[121.949799,37.425605],[121.957286,37.423814],[121.988048,37.425605],[121.997406,37.434068],[121.977794,37.471666],[121.981212,37.48017],[121.99464,37.486721],[122.016368,37.517564],[122.025645,37.528022],[122.043793,37.533922],[122.061534,37.537177],[122.071788,37.544501],[122.067149,37.56273],[122.073334,37.56273],[122.082042,37.552924],[122.095063,37.54914],[122.109467,37.552232],[122.121837,37.56273],[122.139496,37.550605],[122.151866,37.532864],[122.152599,37.514553],[122.135509,37.500678],[122.129893,37.483466],[122.141449,37.45661],[122.16212,37.433092],[122.183197,37.418158],[122.197765,37.432359],[122.209727,37.447333],[122.224213,37.457994],[122.245372,37.459703],[122.261811,37.450914],[122.278575,37.423896],[122.296479,37.418158],[122.457042,37.418158],[122.461518,37.419623],[122.466075,37.422675],[122.471202,37.42536],[122.478038,37.425605],[122.482188,37.422675],[122.484955,37.413804],[122.488048,37.411933],[122.570567,37.401557],[122.591645,37.404364],[122.600922,37.415025],[122.612397,37.418606],[122.66505,37.414049],[122.680431,37.415025],[122.688243,37.409817],[122.688731,37.389716],[122.678966,37.374661],[122.656098,37.384589],[122.614594,37.370917],[122.585053,37.352688],[122.577403,37.34984],[122.570811,37.344794],[122.591156,37.314154],[122.594737,37.295233],[122.557628,37.319078],[122.549653,37.31977],[122.549083,37.310858],[122.560069,37.274726],[122.566661,37.266343],[122.589854,37.243354],[122.594737,37.236884],[122.59669,37.220893],[122.602875,37.209906],[122.613536,37.20307],[122.628917,37.199652],[122.628917,37.192816],[122.585216,37.188707],[122.574311,37.18537],[122.563243,37.173163],[122.568858,37.165676],[122.577159,37.157782],[122.574311,37.144436],[122.543468,37.156643],[122.51002,37.155219],[122.482677,37.13996],[122.470714,37.110297],[122.464447,37.110297],[122.465831,37.145168],[122.464447,37.151842],[122.453949,37.154283],[122.447602,37.147447],[122.444347,37.136542],[122.441742,37.117092],[122.43629,37.099189],[122.436371,37.089789],[122.440522,37.084906],[122.44752,37.082261],[122.454112,37.07746],[122.457042,37.065904],[122.448497,37.057196],[122.411225,37.036526],[122.402354,37.02147],[122.40919,37.006293],[122.424327,37.003648],[122.437022,37.011623],[122.436371,37.027737],[122.461192,37.030829],[122.513031,37.020494],[122.54005,37.027737],[122.525401,36.944485],[122.532725,36.92593],[122.526459,36.914252],[122.517345,36.903144],[122.507416,36.898017],[122.498546,36.904202],[122.500092,36.915595],[122.509044,36.926256],[122.512706,36.934638],[122.498546,36.93891],[122.493907,36.932603],[122.477306,36.925971],[122.456635,36.92064],[122.439952,36.918443],[122.430512,36.920111],[122.420909,36.923082],[122.412201,36.92475],[122.405772,36.922187],[122.402192,36.914496],[122.403412,36.906643],[122.407481,36.900458],[122.412608,36.898017],[122.421397,36.895168],[122.429454,36.888129],[122.435151,36.879218],[122.436371,36.870673],[122.431,36.864651],[122.420665,36.860785],[122.402354,36.857001],[122.397227,36.85692],[122.393321,36.859117],[122.389903,36.861965],[122.38559,36.863227],[122.379731,36.861396],[122.377778,36.857123],[122.377208,36.852484],[122.375743,36.849555],[122.371186,36.845649],[122.361095,36.833441],[122.355235,36.829088],[122.319835,36.822943],[122.200287,36.84276],[122.185313,36.849921],[122.180675,36.8664],[122.184825,36.884955],[122.196869,36.898017],[122.26588,36.898017],[122.25294,36.905951],[122.211192,36.918443],[122.174653,36.941107],[122.16269,36.945787],[122.178559,36.986274],[122.179698,37.005805],[122.166108,37.014106],[122.149994,37.005316],[122.14796,36.985012],[122.149181,36.962144],[122.142914,36.945787],[122.128429,36.945624],[122.110118,36.95189],[122.09433,36.950914],[122.087657,36.929023],[122.080903,36.916571],[122.065196,36.906724],[122.046886,36.900336],[122.033051,36.898017],[122.035411,36.916815],[122.03476,36.94184],[122.037608,36.96369],[122.049815,36.97309],[122.053803,36.975246],[122.049164,36.979926],[122.039643,36.984605],[122.029307,36.986762],[122.004161,36.986029],[121.961436,36.992865],[121.92628,36.993598],[121.914887,36.985826],[121.92335,36.968492],[121.949799,36.93891],[121.915131,36.920233],[121.785981,36.891181],[121.776866,36.886461],[121.75587,36.872301],[121.751801,36.866929],[121.750011,36.857408],[121.744884,36.847235],[121.737153,36.839179],[121.728038,36.835924],[121.708507,36.832831],[121.671479,36.819281],[121.649425,36.816067],[121.649425,36.822252],[121.674083,36.833238],[121.684174,36.835924],[121.684174,36.84276],[121.658214,36.840155],[121.637462,36.831366],[121.624522,36.814765],[121.62143,36.788764],[121.632091,36.761217],[121.634288,36.746568],[121.625255,36.740383],[121.612559,36.742987],[121.603526,36.749661],[121.597667,36.75849],[121.594249,36.767646],[121.583018,36.762844],[121.573009,36.763617],[121.560069,36.767646],[121.550385,36.76435],[121.53712,36.755764],[121.52589,36.753974],[121.50351,36.760443],[121.49643,36.774482],[121.503184,36.788642],[121.522227,36.794989],[121.53712,36.79564],[121.547374,36.798163],[121.555186,36.803412],[121.563243,36.812323],[121.573009,36.819648],[121.595225,36.826321],[121.604747,36.832506],[121.607188,36.844957],[121.588145,36.846177],[121.562836,36.841376],[121.546479,36.835924],[121.538097,36.828843],[121.530528,36.819892],[121.522227,36.812161],[121.511567,36.80858],[121.498139,36.810858],[121.494233,36.816881],[121.492279,36.82392],[121.484386,36.829088],[121.459483,36.828681],[121.452973,36.816392],[121.458018,36.801947],[121.467296,36.794989],[121.470714,36.789618],[121.466156,36.777574],[121.45338,36.757392],[121.444835,36.753485],[121.432465,36.752753],[121.408946,36.753974],[121.390147,36.746812],[121.377778,36.731513],[121.379405,36.716986],[121.401703,36.712388],[121.385265,36.706488],[121.368419,36.706773],[121.333507,36.712388],[121.31422,36.711819],[121.157725,36.668606],[121.128022,36.650946],[121.089692,36.6164],[121.08017,36.610012],[121.062755,36.610053],[121.042491,36.627672],[121.032481,36.624254],[121.030772,36.617092],[121.034028,36.596829],[121.032481,36.589504],[121.023529,36.58393],[121.014659,36.58454],[121.006114,36.587633],[120.998383,36.589504],[120.944672,36.591213],[120.928803,36.59634],[120.936534,36.611965],[120.93336,36.620266],[120.92213,36.623684],[120.905528,36.624254],[120.89267,36.628485],[120.864757,36.646715],[120.850597,36.650946],[120.824067,36.643988],[120.770844,36.617174],[120.75058,36.616848],[120.747325,36.608222],[120.746918,36.603176],[120.750011,36.59984],[120.757579,36.59634],[120.747325,36.577297],[120.742279,36.555854],[120.750255,36.540758],[120.778656,36.541083],[120.793793,36.550971],[120.813569,36.583686],[120.826427,36.59634],[120.850352,36.60456],[120.864594,36.597724],[120.894786,36.561591],[120.905284,36.557074],[120.914073,36.557034],[120.920258,36.55329],[120.922618,36.537665],[120.927501,36.532904],[120.938487,36.534369],[120.950206,36.540025],[120.956798,36.547919],[120.963634,36.547919],[120.961436,36.53144],[120.951915,36.519924],[120.941173,36.509711],[120.93629,36.497016],[120.937836,36.487698],[120.949962,36.459174],[120.934337,36.456773],[120.919526,36.456488],[120.906261,36.452379],[120.894786,36.438666],[120.900971,36.42768],[120.901378,36.419013],[120.898285,36.411607],[120.890391,36.397935],[120.88266,36.388739],[120.874278,36.380601],[120.867442,36.377183],[120.849701,36.386135],[120.844005,36.422675],[120.826427,36.432522],[120.832042,36.455268],[120.806895,36.463935],[120.772472,36.463528],[120.75058,36.459174],[120.747813,36.455634],[120.740489,36.442816],[120.737071,36.438666],[120.7317,36.436225],[120.719005,36.432359],[120.714122,36.428697],[120.686534,36.387152],[120.690684,36.370836],[120.709565,36.349351],[120.722179,36.330552],[120.707286,36.322659],[120.693696,36.324897],[120.669037,36.334621],[120.661957,36.33633],[120.647716,36.330878],[120.643647,36.322496],[120.648692,36.312405],[120.661957,36.3015],[120.654552,36.288275],[120.660248,36.27733],[120.670421,36.265815],[120.675629,36.250637],[120.687511,36.187893],[120.69337,36.174872],[120.704845,36.156236],[120.696788,36.143988],[120.627778,36.116523],[120.623871,36.117662],[120.620616,36.121283],[120.61671,36.123358],[120.593598,36.109768],[120.565196,36.11579],[120.551606,36.113715],[120.545909,36.099758],[120.536225,36.091457],[120.514171,36.088568],[120.473643,36.08926],[120.461925,36.085761],[120.435639,36.068508],[120.421723,36.061957],[120.369477,36.048774],[120.353526,36.040839],[120.339366,36.049954],[120.324718,36.057196],[120.309093,36.06151],[120.292003,36.061957],[120.292003,36.068101],[120.308442,36.079535],[120.312266,36.091295],[120.313487,36.104478],[120.322765,36.11994],[120.334972,36.136135],[120.361583,36.191636],[120.348481,36.213365],[120.339203,36.222602],[120.322765,36.226386],[120.311778,36.265855],[120.306407,36.274237],[120.286469,36.263821],[120.273529,36.23428],[120.275157,36.204088],[120.298839,36.191636],[120.284516,36.175971],[120.264252,36.180854],[120.243988,36.191107],[120.229991,36.191636],[120.226085,36.194078],[120.223888,36.196519],[120.221283,36.198391],[120.216319,36.199123],[120.219086,36.22191],[120.186778,36.219062],[120.144542,36.208889],[120.117279,36.209662],[120.112397,36.217475],[120.11142,36.222724],[120.108165,36.225531],[120.097179,36.226386],[120.092865,36.223212],[120.087901,36.216213],[120.085948,36.209133],[120.090343,36.205959],[120.105317,36.200873],[120.109223,36.188788],[120.105235,36.174221],[120.089366,36.147691],[120.086436,36.130032],[120.089692,36.111721],[120.10019,36.096096],[120.116791,36.087592],[120.135753,36.083401],[120.154063,36.077053],[120.168468,36.061957],[120.171886,36.046129],[120.170746,36.008694],[120.175304,35.993638],[120.186046,35.984524],[120.197765,35.985297],[120.229991,35.999905],[120.229503,35.972805],[120.242768,35.973578],[120.274913,35.993638],[120.280772,35.998236],[120.281993,36.006659],[120.284923,36.010932],[120.295421,36.003323],[120.303071,35.994045],[120.305268,35.987006],[120.303477,35.980536],[120.298839,35.973131],[120.284434,35.962592],[120.244395,35.95307],[120.226817,35.94184],[120.185151,35.903754],[120.175304,35.890041],[120.170502,35.907457],[120.179454,35.920071],[120.189708,35.931545],[120.188975,35.945258],[120.168468,35.938422],[120.162852,35.933295],[120.145518,35.913804],[120.141856,35.907945],[120.135753,35.90412],[120.107188,35.903998],[120.097179,35.900824],[120.052257,35.862616],[120.038829,35.842841],[120.019786,35.759752],[120.00294,35.727769],[119.969981,35.732367],[119.949718,35.753811],[119.937755,35.761135],[119.925548,35.756822],[119.908214,35.744859],[119.900157,35.736274],[119.931244,35.710842],[119.935639,35.705024],[119.930756,35.69953],[119.908295,35.680894],[119.901622,35.671536],[119.900483,35.660549],[119.902924,35.652411],[119.906749,35.644477],[119.908458,35.633979],[119.904552,35.624579],[119.8956,35.620307],[119.885265,35.617621],[119.877452,35.613186],[119.860199,35.606106],[119.843272,35.61579],[119.834076,35.635321],[119.840099,35.657904],[119.811615,35.647895],[119.771007,35.593329],[119.743907,35.575914],[119.748057,35.599799],[119.748383,35.60932],[119.743907,35.616889],[119.732514,35.620836],[119.718761,35.619534],[119.707123,35.614163],[119.702403,35.606024],[119.696788,35.599433],[119.683849,35.59398],[119.668956,35.590318],[119.657725,35.588935],[119.64796,35.58393],[119.641368,35.572008],[119.634125,35.548041],[119.604096,35.488023],[119.599864,35.469184],[119.595958,35.461982],[119.569591,35.43476],[119.564545,35.424709],[119.562266,35.400621],[119.55893,35.390326],[119.551524,35.380032],[119.522309,35.352729],[119.51352,35.339301],[119.50766,35.332343],[119.469574,35.321479],[119.435802,35.322577],[119.428722,35.321479],[119.42392,35.313463],[119.421886,35.300523],[119.421886,35.277411],[119.418712,35.271308],[119.404552,35.25373],[119.387706,35.20539],[119.370616,35.117418],[119.358002,35.097113],[119.336192,35.08869],[119.314301,35.086249],[119.280284,35.076606],[119.250499,35.068183],[119.229096,35.066107],[119.221202,35.064032],[119.212657,35.05801],[119.207286,35.048407],[119.203949,35.02497],[119.199311,35.016669],[119.192882,35.000434],[119.192882,34.974026],[119.197032,34.947699],[119.20338,34.931627],[119.188698,34.856274],[119.193126,34.809882],[119.201915,34.78498],[119.189057,34.766547],[119.195323,34.759711],[119.190278,34.749254],[119.188731,34.733059],[119.192231,34.718207],[119.20338,34.7119],[119.209809,34.718573],[119.220958,34.749416],[119.22934,34.759711],[119.241791,34.761664],[119.291352,34.753485],[119.311778,34.755072],[119.324962,34.759996],[119.335053,34.7685],[119.34669,34.780829],[119.358002,34.774604],[119.37558,34.759345],[119.387706,34.753485],[119.401459,34.751125],[119.428233,34.749945],[119.442231,34.746039],[119.463227,34.732367],[119.474213,34.715277],[119.472748,34.698147],[119.456554,34.684556],[119.531749,34.615709],[119.588715,34.582221],[119.599864,34.568549],[119.609223,34.56273],[119.640961,34.550523],[119.640961,34.545722],[119.641449,34.540839],[119.643403,34.536566],[119.647716,34.53384],[119.658458,34.531562],[119.685313,34.53384],[119.705333,34.531155],[119.728852,34.524115],[119.751231,34.514228],[119.795258,34.481676],[119.826182,34.470404],[119.862071,34.465806],[119.90504,34.464911],[119.939952,34.457913],[119.982921,34.440741],[120.02296,34.419379],[120.078705,34.377509],[120.118175,34.359605],[120.239757,34.323676],[120.257091,34.311835],[120.264008,34.290758],[120.266694,34.266303],[120.274181,34.244534],[120.298839,34.20425],[120.309374,34.174071],[120.317212,34.152123],[120.324966,34.136451],[120.325224,34.111298],[120.348237,34.07685],[120.353526,34.060777],[120.35849,34.053453],[120.365326,34.04564],[120.371349,34.036038],[120.38502,33.970404],[120.40797,33.916815],[120.413341,33.897366],[120.412608,33.887519],[120.398448,33.878974],[120.399669,33.86933],[120.407074,33.859768],[120.418956,33.855373],[120.431407,33.846015],[120.44337,33.824693],[120.450938,33.8015],[120.449718,33.786444],[120.464122,33.77497],[120.482432,33.765123],[120.498302,33.753323],[120.504893,33.735582],[120.50587,33.69717],[120.511729,33.656724],[120.502696,33.661566],[120.495128,33.662177],[120.489024,33.658393],[120.483735,33.64997],[120.525971,33.610663],[120.539073,33.594672],[120.563243,33.548],[120.573253,33.533271],[120.627778,33.478013],[120.634369,33.466946],[120.65211,33.428127],[120.655772,33.413153],[120.661957,33.338039],[120.667247,33.3251],[120.680024,33.30801],[120.695079,33.293158],[120.707286,33.286811],[120.72047,33.28498],[120.737885,33.279283],[120.750255,33.269599],[120.747569,33.255805],[120.742686,33.252672],[120.737071,33.250922],[120.732188,33.248236],[120.730235,33.242133],[120.732514,33.237128],[120.742524,33.227769],[120.744395,33.224107],[120.7435,33.208645],[120.740082,33.205512],[120.730235,33.204901],[120.785248,33.165025],[120.806977,33.137763],[120.792247,33.10871],[120.812511,33.10578],[120.81894,33.09219],[120.819591,33.054104],[120.825938,33.030178],[120.833751,33.025621],[120.846446,33.029853],[120.867442,33.032375],[120.890147,33.026109],[120.895763,33.013577],[120.88852,32.977729],[120.888682,32.962714],[120.907807,32.843899],[120.904796,32.812649],[120.880308,32.772032],[120.852387,32.756008],[120.86142,32.719672],[120.860444,32.689765],[120.85019,32.696601],[120.84311,32.703925],[120.841401,32.711086],[120.846934,32.717678],[120.840099,32.724514],[120.83017,32.709418],[120.830333,32.697659],[120.863868,32.671058],[120.906614,32.65971],[120.911199,32.630121],[120.943887,32.605224],[120.975021,32.595115],[121.020706,32.568522],[121.042782,32.557542],[121.066254,32.544013],[121.086192,32.536038],[121.098725,32.521145],[121.100841,32.497952],[121.107677,32.497952],[121.120209,32.507392],[121.157256,32.495596],[121.1738,32.487625],[121.191507,32.478653],[121.215104,32.472664],[121.27171,32.447734],[121.35414,32.414823],[121.389409,32.384948],[121.401117,32.352132],[121.416026,32.268948],[121.417735,32.255276],[121.419281,32.250312],[121.415782,32.248603],[121.401703,32.244696],[121.377208,32.241645],[121.36671,32.238959],[121.36085,32.231635],[121.368012,32.227362],[121.398692,32.168931],[121.425141,32.164049],[121.431163,32.151353],[121.43214,32.133857],[121.44337,32.114325],[121.449474,32.112738],[121.456147,32.115546],[121.462413,32.119696],[121.467296,32.121772],[121.472992,32.119615],[121.481944,32.110256],[121.488048,32.10814],[121.496593,32.110256],[121.530812,32.108519],[121.554238,32.102498],[121.594249,32.087063],[121.655365,32.062934],[121.683116,32.042629],[121.717784,32.02558],[121.727306,32.016588],[121.764366,31.995287],[121.798644,31.970475],[121.821945,31.952486],[121.825206,31.92772],[121.847833,31.904607],[121.87496,31.863723],[121.874687,31.825903],[121.901776,31.786487],[121.922057,31.754378],[121.930383,31.726714],[121.914842,31.706434],[121.871998,31.690682],[121.817306,31.690949],[121.749045,31.711634],[121.70291,31.720555],[121.675554,31.723573],[121.65506,31.73238],[121.607194,31.748551],[121.574311,31.76553],[121.551606,31.773749],[121.529063,31.779202],[121.517426,31.783433],[121.507904,31.792873],[121.500499,31.802191],[121.494884,31.806464],[121.480235,31.810981],[121.416026,31.840644],[121.317397,31.883248],[121.286418,31.890589],[121.227864,31.865904],[121.185151,31.836737],[121.115087,31.796334],[121.086624,31.801836],[121.062413,31.813501],[121.039935,31.819332],[121.005365,31.820779],[120.977817,31.814365],[120.950628,31.825236],[120.940564,31.844647],[120.943126,31.867906],[120.943126,31.875312],[120.944835,31.884589],[120.941417,31.892524],[120.925792,31.895901],[120.919281,31.899359],[120.910899,31.91767],[120.905528,31.925971],[120.846934,31.991441],[120.810802,32.02261],[120.743644,32.036045],[120.634376,32.07701],[120.565488,32.076713],[120.522361,32.082601],[120.490758,32.082453],[120.427821,32.05293],[120.361583,32.02558],[120.300304,31.971666],[120.2671,31.948676],[120.223725,31.936835],[120.175873,31.936672],[120.131358,31.943183],[120.090099,31.955024],[120.052338,31.970933],[120.02003,31.99079],[119.992035,32.015855],[119.921397,32.108547],[119.912201,32.123725],[119.908458,32.138861],[119.910981,32.158149],[119.921153,32.196479],[119.92213,32.217434],[119.900483,32.198188],[119.887543,32.213853],[119.874278,32.265123],[119.862153,32.281155],[119.842133,32.299058],[119.81837,32.313707],[119.795177,32.31977],[119.781993,32.321234],[119.758067,32.326972],[119.743907,32.327216],[119.692393,32.31977],[119.67685,32.328437],[119.660899,32.345771],[119.64088,32.358832],[119.612885,32.35456],[119.649018,32.336086],[119.660737,32.327216],[119.678559,32.30622],[119.685395,32.292426],[119.678477,32.286282],[119.676036,32.278062],[119.654552,32.234768],[119.649018,32.21955],[119.635753,32.211005],[119.619884,32.204901],[119.606049,32.196926],[119.627696,32.189399],[119.645274,32.195217],[119.65976,32.207913],[119.671641,32.220771],[119.69044,32.235338],[119.701427,32.233466],[119.712169,32.222602],[119.730235,32.210598],[119.755138,32.205878],[119.778575,32.204657],[119.788585,32.198635],[119.763764,32.162502],[119.764415,32.143744],[119.772472,32.126776],[119.784923,32.114325],[119.855561,32.086982],[119.866954,32.077094],[119.907163,32.045385],[119.938502,32.018043],[119.961222,31.990616],[119.97868,31.968957],[120.006396,31.950305],[120.038829,31.943061],[120.130951,31.912299],[120.178315,31.904202],[120.229991,31.908881],[120.341171,31.956321],[120.418224,31.969672],[120.432221,31.975165],[120.455781,31.982519],[120.454157,32.003186],[120.455412,32.021428],[120.469493,32.025133],[120.517833,32.018744],[120.604259,31.991441],[120.670014,31.998847],[120.689952,31.998236],[120.750354,31.978336],[120.779818,31.915883],[120.807447,31.87377],[120.824799,31.828702],[120.807752,31.809741],[120.751475,31.824693],[120.738536,31.836819],[120.727631,31.850653],[120.717133,31.86107],[120.720795,31.831936],[120.731456,31.81387],[120.748383,31.802232],[120.831899,31.777766],[120.895363,31.76332],[120.948497,31.75788],[120.980724,31.751207],[121.013764,31.743034],[121.067026,31.724086],[121.144402,31.684658],[121.211681,31.627631],[121.244721,31.600409],[121.320323,31.504828],[121.340912,31.490953],[121.36085,31.477484],[121.417735,31.452786],[121.448009,31.4265],[121.546235,31.366116],[121.631602,31.335761],[121.669932,31.313056],[121.725164,31.281567],[121.777502,31.214394],[121.877025,31.099136],[121.95082,30.982081],[121.977383,30.914923],[121.960075,30.874257],[121.907399,30.857086],[121.810809,30.853231],[121.732835,30.846317],[121.631132,30.836556],[121.542937,30.816495],[121.492037,30.797734],[121.456406,30.783278],[121.410598,30.767388],[121.350597,30.713446],[121.333507,30.70307],[121.264659,30.689195],[121.221934,30.674994],[121.202891,30.665107],[121.177745,30.645657],[121.158946,30.636705],[121.148529,30.627834],[121.141612,30.617743],[121.136567,30.60814],[121.13087,30.599758],[121.121349,30.593004],[121.102387,30.589057],[121.0474,30.582757],[121.020226,30.571071],[120.998146,30.557924],[120.977759,30.543318],[120.948891,30.506815],[120.931651,30.473049],[120.928803,30.45307],[120.932384,30.439399],[120.938487,30.430732],[120.939545,30.421942],[120.928803,30.408108],[120.921641,30.405219],[120.901703,30.403551],[120.894786,30.401272],[120.904552,30.388617],[120.909028,30.384426],[120.915131,30.380764],[120.915131,30.374579],[120.900727,30.373603],[120.888194,30.368557],[120.85058,30.330218],[120.831791,30.30525],[120.810732,30.296568],[120.787433,30.293625],[120.769619,30.306028],[120.753989,30.327062],[120.744963,30.359614],[120.727119,30.375846],[120.698148,30.393951],[120.667002,30.4015],[120.619193,30.406096],[120.479145,30.403524],[120.430315,30.38984],[120.416025,30.36771],[120.407232,30.354236],[120.397482,30.32158],[120.388832,30.290845],[120.378967,30.273524],[120.364555,30.268637],[120.342276,30.274246],[120.316254,30.29092],[120.285167,30.298814],[120.257904,30.298082],[120.239778,30.28888],[120.195767,30.232888],[120.147094,30.198891],[120.178966,30.20067],[120.199962,30.217841],[120.230243,30.236035],[120.250011,30.270087],[120.274387,30.277618],[120.295523,30.278726],[120.314569,30.263511],[120.331368,30.249238],[120.350338,30.240734],[120.368121,30.240851],[120.38472,30.249588],[120.39503,30.264716],[120.404633,30.279934],[120.420956,30.30542],[120.450494,30.36886],[120.477133,30.374754],[120.524908,30.377873],[120.621606,30.372563],[120.651671,30.35927],[120.657347,30.336294],[120.684941,30.271781],[120.698686,30.251796],[120.725518,30.242636],[120.734401,30.232213],[120.691352,30.197451],[120.665956,30.166242],[120.643813,30.145873],[120.63011,30.134972],[120.631789,30.122388],[120.653323,30.102545],[120.682465,30.084906],[120.70102,30.080756],[120.723399,30.079739],[120.754975,30.086859],[120.764985,30.086615],[120.771983,30.083197],[120.784028,30.071682],[120.792247,30.066067],[120.783702,30.089301],[120.764659,30.096625],[120.714122,30.093329],[120.687999,30.097805],[120.664561,30.109605],[120.646251,30.126939],[120.662852,30.141181],[120.701046,30.184552],[120.751425,30.225626],[120.813487,30.213253],[120.82862,30.18499],[120.853215,30.174436],[120.892812,30.169796],[120.923504,30.185866],[120.954194,30.191962],[120.960216,30.195787],[120.994395,30.211086],[121.109141,30.282782],[121.128779,30.301627],[121.149697,30.325753],[121.185389,30.337564],[121.254102,30.348393],[121.313218,30.338192],[121.377384,30.325064],[121.429592,30.292976],[121.506847,30.220026],[121.554596,30.160891],[121.587034,30.111512],[121.623322,30.059875],[121.643194,30.036493],[121.658306,30.018389],[121.677756,30.000641],[121.706763,29.985109],[121.732344,29.978603],[121.721934,29.960517],[121.732248,29.96206],[121.75011,29.972505],[121.767482,29.973177],[121.796641,29.963039],[121.81643,29.951481],[121.849814,29.94038],[121.873231,29.932337],[121.899253,29.923139],[121.914876,29.918696],[121.935557,29.887356],[121.949591,29.886934],[121.962413,29.888495],[121.9817,29.890286],[122.056244,29.887356],[122.067638,29.889553],[122.086681,29.899359],[122.105887,29.906953],[122.129143,29.903777],[122.136415,29.884535],[122.114755,29.871554],[122.068614,29.851549],[122.028168,29.836005],[121.983039,29.823176],[121.966047,29.811247],[121.936778,29.791693],[121.92441,29.773473],[121.902171,29.752539],[121.885325,29.761284],[121.873149,29.753828],[121.866107,29.736565],[121.862448,29.708002],[121.834598,29.687086],[121.776465,29.652625],[121.717727,29.588654],[121.704112,29.572008],[121.687348,29.562649],[121.667003,29.556586],[121.648204,29.556708],[121.635898,29.554351],[121.623871,29.554429],[121.609141,29.545722],[121.59254,29.543606],[121.574311,29.552151],[121.530822,29.510015],[121.52255,29.512922],[121.520119,29.528062],[121.516836,29.546091],[121.511043,29.548988],[121.499278,29.549262],[121.484386,29.544664],[121.475434,29.538764],[121.467865,29.531195],[121.458344,29.525214],[121.44337,29.524237],[121.44337,29.518012],[121.448253,29.514106],[121.457019,29.500871],[121.455324,29.489355],[121.44116,29.481526],[121.427836,29.467947],[121.442711,29.439767],[121.442593,29.415369],[121.465074,29.420886],[121.473461,29.448933],[121.479747,29.474758],[121.504893,29.483832],[121.500092,29.475898],[121.491791,29.455959],[121.513682,29.451972],[121.511729,29.437567],[121.497162,29.422187],[121.480968,29.414984],[121.477631,29.412746],[121.476654,29.407782],[121.478852,29.402899],[121.484864,29.39054],[121.497314,29.393353],[121.50893,29.398349],[121.51971,29.406975],[121.531325,29.417037],[121.537973,29.424224],[121.548796,29.438601],[121.553809,29.450117],[121.559656,29.463073],[121.569641,29.474574],[121.581256,29.478139],[121.601994,29.483113],[121.642672,29.495218],[121.675548,29.510484],[121.6743,29.520332],[121.681756,29.52391],[121.699799,29.534329],[121.710948,29.538642],[121.72462,29.538479],[121.725352,29.535468],[121.725352,29.529039],[121.726573,29.522284],[121.731293,29.518012],[121.737641,29.518988],[121.74586,29.523098],[121.763999,29.530761],[121.766461,29.520649],[121.757223,29.499049],[121.761289,29.486047],[121.764567,29.47665],[121.778381,29.469423],[121.790326,29.475795],[121.811988,29.490118],[121.821327,29.514599],[121.830577,29.528062],[121.847423,29.524237],[121.844819,29.5362],[121.836518,29.542385],[121.825531,29.546373],[121.813975,29.552151],[121.799815,29.5456],[121.782725,29.543443],[121.765717,29.545722],[121.758274,29.548099],[121.744965,29.544664],[121.748422,29.562567],[121.774322,29.575436],[121.79612,29.600591],[121.81837,29.606635],[121.834528,29.61557],[121.854015,29.615912],[121.867931,29.627265],[121.880138,29.623521],[121.899644,29.627527],[121.915782,29.640855],[121.927257,29.634467],[121.942638,29.611274],[121.953624,29.606147],[121.966319,29.602484],[121.971202,29.593329],[121.970958,29.568915],[121.963715,29.560207],[121.949718,29.556342],[121.941173,29.551174],[121.949799,29.538479],[121.92213,29.531155],[121.910411,29.524563],[121.912364,29.514309],[121.922211,29.509223],[121.935557,29.504381],[121.944102,29.497707],[121.939952,29.487006],[121.942719,29.479722],[121.970958,29.449123],[121.96933,29.439154],[121.963227,29.431952],[121.957774,29.423082],[121.957286,29.408149],[121.94752,29.421088],[121.93629,29.42772],[121.930056,29.425315],[121.922556,29.418146],[121.929102,29.408735],[121.921577,29.398634],[121.915729,29.390704],[121.921443,29.381303],[121.916348,29.363294],[121.916246,29.348937],[121.927013,29.338609],[121.929454,29.33926],[121.931488,29.331204],[121.931407,29.323879],[121.925059,29.319078],[121.908946,29.318793],[121.911632,29.315009],[121.915782,29.305121],[121.900483,29.298651],[121.905854,29.284613],[121.922211,29.270494],[121.939952,29.264146],[121.949555,29.267279],[121.962657,29.28144],[121.974376,29.284613],[121.975597,29.280951],[121.98585,29.263332],[121.991466,29.25731],[121.966563,29.255764],[121.953217,29.249661],[121.950694,29.237128],[121.957286,29.216376],[121.942963,29.223212],[121.939708,29.21011],[121.939952,29.204291],[121.942963,29.195868],[121.92213,29.195787],[121.893809,29.187079],[121.840587,29.161119],[121.812551,29.161485],[121.785347,29.168085],[121.788036,29.201943],[121.78977,29.215625],[121.794901,29.243705],[121.795869,29.266037],[121.801821,29.292668],[121.799653,29.305121],[121.808686,29.311754],[121.81837,29.31623],[121.828868,29.318549],[121.840587,29.318793],[121.830658,29.333889],[121.816987,29.33218],[121.804942,29.323717],[121.799653,29.318793],[121.788178,29.328559],[121.787934,29.342597],[121.799653,29.373969],[121.786632,29.374498],[121.77589,29.372626],[121.766856,29.367743],[121.758637,29.359768],[121.770844,29.337795],[121.777881,29.296384],[121.774314,29.253887],[121.758637,29.229397],[121.745697,29.201606],[121.73878,29.195868],[121.724328,29.182035],[121.70446,29.174182],[121.670597,29.175748],[121.652458,29.18302],[121.641938,29.202094],[121.639171,29.217271],[121.641612,29.267564],[121.645763,29.281195],[121.654552,29.299994],[121.640391,29.306627],[121.624848,29.301459],[121.628917,29.284613],[121.622895,29.264106],[121.632335,29.210639],[121.628917,29.188422],[121.614757,29.206],[121.606456,29.227362],[121.588715,29.29149],[121.583995,29.299872],[121.574311,29.305121],[121.56308,29.304185],[121.562022,29.295844],[121.567231,29.285305],[121.574311,29.277777],[121.562755,29.271877],[121.550548,29.27143],[121.52589,29.277777],[121.52589,29.270982],[121.536388,29.258287],[121.530528,29.238227],[121.516938,29.219062],[121.504893,29.20893],[121.504893,29.202094],[121.511729,29.189276],[121.50351,29.178941],[121.490977,29.175971],[121.484386,29.185289],[121.480235,29.197211],[121.471202,29.191352],[121.461518,29.176459],[121.456391,29.161119],[121.431407,29.172187],[121.41977,29.171454],[121.408539,29.161119],[121.44337,29.147406],[121.439301,29.145453],[121.438487,29.144843],[121.43808,29.143866],[121.436046,29.140611],[121.456391,29.140611],[121.456391,29.133775],[121.441498,29.13109],[121.428315,29.127143],[121.415375,29.119696],[121.401703,29.106513],[121.496837,29.104438],[121.528656,29.115058],[121.62143,29.113267],[121.624522,29.104397],[121.624604,29.088284],[121.62143,29.070868],[121.614757,29.058051],[121.599213,29.050238],[121.585053,29.053616],[121.571137,29.060858],[121.556407,29.064887],[121.536876,29.061184],[121.530284,29.051174],[121.532074,29.020494],[121.538097,29.018052],[121.548595,29.02143],[121.552745,29.028713],[121.539561,29.037584],[121.557384,29.049018],[121.617442,29.039984],[121.641938,29.051256],[121.681733,29.02676],[121.689789,29.017076],[121.675873,29.013251],[121.661713,29.002916],[121.653819,28.988593],[121.659434,28.972724],[121.663829,28.969916],[121.668956,28.96898],[121.680186,28.969306],[121.684662,28.967515],[121.684174,28.963446],[121.682872,28.958889],[121.684174,28.955634],[121.692149,28.953355],[121.709483,28.951158],[121.717784,28.948798],[121.69752,28.936835],[121.689464,28.927802],[121.684174,28.9147],[121.62851,28.931952],[121.605317,28.942572],[121.587413,28.963121],[121.585297,28.9383],[121.570811,28.93008],[121.554291,28.935696],[121.546479,28.952216],[121.53712,28.955024],[121.516856,28.956366],[121.497813,28.949652],[121.491791,28.928371],[121.504893,28.935207],[121.50766,28.924994],[121.511811,28.916938],[121.51767,28.912787],[121.52589,28.9147],[121.535167,28.903713],[121.549815,28.897854],[121.566173,28.893378],[121.580577,28.886786],[121.590343,28.891913],[121.601654,28.893622],[121.61085,28.891181],[121.616954,28.880276],[121.62672,28.880845],[121.628917,28.877143],[121.627778,28.870836],[121.622651,28.861274],[121.62143,28.85635],[121.623546,28.842271],[121.628266,28.841254],[121.63502,28.845201],[121.641938,28.845852],[121.656505,28.838039],[121.662364,28.833441],[121.669932,28.825344],[121.653819,28.811957],[121.646739,28.807685],[121.635753,28.804836],[121.635753,28.798041],[121.662608,28.798041],[121.662608,28.790595],[121.651134,28.787909],[121.642589,28.784003],[121.635509,28.77851],[121.628917,28.770697],[121.626231,28.768052],[121.622325,28.76553],[121.618256,28.761949],[121.614757,28.756415],[121.619721,28.748277],[121.622406,28.741889],[121.62143,28.735907],[121.605561,28.724677],[121.502778,28.700385],[121.351166,28.711859],[121.334239,28.717027],[121.32016,28.72484],[121.306163,28.735907],[121.298432,28.743638],[121.294932,28.748114],[121.290294,28.751614],[121.278901,28.756415],[121.268891,28.758287],[121.24643,28.760077],[121.237885,28.763861],[121.234711,28.769965],[121.227387,28.791409],[121.224376,28.798041],[121.214447,28.807318],[121.208018,28.809556],[121.20102,28.809516],[121.190033,28.811672],[121.173595,28.817857],[121.162852,28.825344],[121.157725,28.831488],[121.155772,28.837551],[121.15211,28.842515],[121.142345,28.845852],[121.142345,28.839586],[121.159679,28.813544],[121.171886,28.806952],[121.193451,28.804836],[121.206065,28.799058],[121.218272,28.785793],[121.227387,28.770738],[121.231212,28.760159],[121.240815,28.752753],[121.285899,28.738267],[121.299327,28.722886],[121.298676,28.701239],[121.286469,28.692694],[121.270356,28.687445],[121.258393,28.675116],[121.327647,28.692043],[121.365001,28.696031],[121.381358,28.681952],[121.413829,28.696601],[121.454845,28.689521],[121.490001,28.665717],[121.510128,28.657059],[121.525556,28.624655],[121.53037,28.599479],[121.538433,28.571446],[121.549439,28.55101],[121.57316,28.525134],[121.581619,28.50469],[121.550873,28.502143],[121.534923,28.503404],[121.521007,28.501044],[121.511567,28.489488],[121.521251,28.490709],[121.544926,28.492474],[121.584601,28.489102],[121.607743,28.477203],[121.600361,28.465425],[121.584439,28.454215],[121.583777,28.442946],[121.592874,28.431106],[121.607463,28.420319],[121.615888,28.397214],[121.632263,28.379446],[121.628525,28.363902],[121.631532,28.355843],[121.634044,28.347235],[121.64088,28.349677],[121.647716,28.348456],[121.656342,28.339301],[121.641694,28.321845],[121.621349,28.285102],[121.607921,28.270453],[121.585541,28.256822],[121.578136,28.260321],[121.580577,28.300849],[121.567489,28.304495],[121.541491,28.321787],[121.521961,28.326869],[121.499986,28.332673],[121.473086,28.330603],[121.456391,28.318834],[121.447765,28.315904],[121.441254,28.311713],[121.437266,28.305609],[121.436046,28.297105],[121.429779,28.297105],[121.420665,28.304185],[121.408946,28.304918],[121.398936,28.298489],[121.395518,28.284084],[121.401378,28.276109],[121.411469,28.273912],[121.418793,28.269721],[121.416026,28.256171],[121.408051,28.246283],[121.398936,28.243842],[121.388031,28.242662],[121.374522,28.236274],[121.364838,28.225816],[121.361095,28.214748],[121.358897,28.202216],[121.354015,28.187893],[121.368663,28.192043],[121.374522,28.195258],[121.37672,28.184149],[121.374034,28.172593],[121.368175,28.162014],[121.36085,28.153754],[121.35141,28.146552],[121.345795,28.145168],[121.340099,28.14643],[121.330089,28.147528],[121.326182,28.151801],[121.309337,28.174872],[121.297211,28.176459],[121.287852,28.180894],[121.275184,28.208199],[121.261695,28.225791],[121.225165,28.238863],[121.248871,28.270209],[121.236827,28.306098],[121.203136,28.331855],[121.210297,28.343736],[121.21754,28.352362],[121.230479,28.34809],[121.244151,28.349107],[121.256196,28.35517],[121.264659,28.366034],[121.230968,28.359076],[121.214122,28.360582],[121.184093,28.382148],[121.168956,28.384833],[121.161632,28.377509],[121.168956,28.359768],[121.144298,28.343573],[121.13025,28.305554],[121.088471,28.293199],[121.072113,28.291693],[121.066661,28.311428],[121.059093,28.311428],[121.034923,28.308173],[121.024994,28.304592],[121.039561,28.285346],[121.058116,28.279934],[121.078949,28.278144],[121.121803,28.284362],[121.130095,28.265929],[121.124753,28.23552],[121.119467,28.218936],[121.108943,28.19961],[121.100527,28.184894],[121.085836,28.166504],[121.053385,28.148163],[121.031376,28.126107],[121.009378,28.103133],[121.002017,28.085642],[121.000886,28.050636],[120.993512,28.025779],[120.980936,28.005537],[120.97620703110047,28],[120.78632535216279,28],[120.781098,28.002387],[120.762706,28.014309],[120.747569,28.027086],[120.731049,28.035834],[120.70753,28.041205],[120.661957,28.044501],[120.620942,28.039944],[120.606049,28.042222],[120.59018,28.054389],[120.584972,28.095526],[120.576996,28.115627],[120.559581,28.112779],[120.574474,28.100002],[120.58017,28.089789],[120.580089,28.046129],[120.582042,28.034329],[120.588959,28.026679],[120.604259,28.023993],[120.658946,28.023993],[120.673595,28.021715],[120.707286,28.009711],[120.71868988373228,28],[116,28]]],[[[121.255531,28.140001],[121.264536,28.121595],[121.285352,28.101946],[121.279145,28.085435],[121.267833,28.08454],[121.257091,28.08515],[121.247244,28.087795],[121.238129,28.092922],[121.235688,28.085517],[121.233653,28.082424],[121.233897,28.079088],[121.238129,28.071194],[121.231456,28.065009],[121.219249,28.067857],[121.218512,28.058463],[121.202442,28.054754],[121.1864,28.0437],[121.166899,28.043082],[121.151573,28.041232],[121.146734,28.057811],[121.155235,28.071368],[121.152351,28.078074],[121.142751,28.082587],[121.137462,28.094184],[121.130626,28.103461],[121.132329,28.114314],[121.127359,28.126556],[121.120372,28.135688],[121.125011,28.140082],[121.134939,28.143052],[121.165283,28.150534],[121.187531,28.168902],[121.20407,28.189707],[121.208976,28.200132],[121.210948,28.20897],[121.230588,28.219733],[121.256403,28.214798],[121.268893,28.193942],[121.270241,28.18229],[121.26184,28.168809],[121.255531,28.140001]]],[[[122.23878,30.313137],[122.203868,30.291409],[122.203868,30.285142],[122.223806,30.278876],[122.231944,30.277737],[122.219574,30.270453],[122.217052,30.262519],[122.21754,30.254584],[122.214529,30.247301],[122.202322,30.241929],[122.187999,30.243638],[122.174083,30.247992],[122.137706,30.254625],[122.114024,30.265082],[122.073578,30.291409],[122.083995,30.302436],[122.087901,30.30565],[122.095714,30.310696],[122.104177,30.314154],[122.122081,30.319281],[122.147227,30.321479],[122.152843,30.322699],[122.166026,30.331692],[122.194672,30.338568],[122.211436,30.346625],[122.225108,30.332343],[122.218761,30.326077],[122.22047,30.320705],[122.227875,30.316352],[122.23878,30.313137]]],[[[122.398936,30.456488],[122.410981,30.452135],[122.416515,30.441596],[122.423106,30.414944],[122.404063,30.418647],[122.36378,30.433417],[122.347992,30.435981],[122.306,30.423163],[122.285411,30.422065],[122.272797,30.435981],[122.277354,30.436713],[122.28712,30.442206],[122.278005,30.445746],[122.273774,30.451361],[122.272797,30.459296],[122.272797,30.469468],[122.276622,30.479804],[122.28004,30.482611],[122.28712,30.48314],[122.290782,30.471666],[122.29949,30.47134],[122.31129,30.472642],[122.337413,30.458482],[122.348806,30.460639],[122.369151,30.476996],[122.3685,30.463202],[122.374685,30.457343],[122.385427,30.456204],[122.398936,30.456488]]],[[[121.837738,31.375149],[121.85377,31.372992],[121.867849,31.366197],[121.87794,31.354315],[121.881847,31.336615],[121.877452,31.319648],[121.866222,31.304185],[121.851085,31.293931],[121.834727,31.292548],[121.823416,31.302395],[121.813243,31.320787],[121.7942,31.368801],[121.804454,31.374701],[121.837738,31.375149]]],[[[119.880707,32.12519],[119.901378,32.082465],[119.901866,32.073391],[119.89031,32.075385],[119.858735,32.101549],[119.843516,32.10814],[119.815196,32.11522],[119.804861,32.120307],[119.795177,32.120551],[119.792003,32.121772],[119.78712,32.129584],[119.788341,32.133612],[119.79127,32.136868],[119.792003,32.142279],[119.791026,32.165473],[119.798839,32.178697],[119.809906,32.189114],[119.819347,32.203762],[119.789317,32.211493],[119.749848,32.228013],[119.719493,32.249579],[119.716156,32.27265],[119.750824,32.293118],[119.78533,32.291693],[119.814301,32.27558],[119.832856,32.252143],[119.875011,32.155219],[119.880707,32.12519]]],[[[122.3213,39.165961],[122.330577,39.180121],[122.354828,39.195624],[122.382579,39.208319],[122.402599,39.213813],[122.392914,39.203803],[122.389903,39.193549],[122.388927,39.187079],[122.397472,39.165839],[122.402599,39.159125],[122.388927,39.15233],[122.376313,39.16059],[122.355235,39.151557],[122.333995,39.146308],[122.3213,39.165961]]],[[[122.635997,39.23428],[122.66212,39.232733],[122.718598,39.241889],[122.741954,39.23607],[122.739513,39.222235],[122.725597,39.210028],[122.690684,39.193305],[122.692149,39.201402],[122.692556,39.207668],[122.693696,39.213772],[122.69752,39.221259],[122.683604,39.224311],[122.635997,39.228013],[122.635997,39.23428]]],[[[122.684418,39.262193],[122.643077,39.255072],[122.586192,39.258002],[122.533458,39.271674],[122.505056,39.296942],[122.536632,39.298041],[122.54656,39.296942],[122.584727,39.284369],[122.643891,39.27851],[122.663259,39.272203],[122.684418,39.262193]]],[[[121.422537,39.474514],[121.442393,39.462877],[121.45045,39.450263],[121.443126,39.441148],[121.41627,39.440334],[121.41627,39.433539],[121.425548,39.430121],[121.431977,39.424262],[121.435557,39.416205],[121.436046,39.409817],[121.433604,39.38581],[121.421723,39.373684],[121.403494,39.370592],[121.353201,39.373196],[121.336925,39.377387],[121.336111,39.387356],[121.354259,39.406195],[121.371755,39.417548],[121.379649,39.424872],[121.381602,39.433539],[121.375255,39.442369],[121.364268,39.445461],[121.351899,39.444281],[121.340587,39.440334],[121.327322,39.427639],[121.313324,39.408433],[121.296153,39.391425],[121.27296,39.385077],[121.264415,39.386908],[121.259451,39.391506],[121.257579,39.399644],[121.258637,39.412421],[121.261729,39.427802],[121.26588,39.43358],[121.29477,39.443345],[121.302908,39.445217],[121.311046,39.447943],[121.32016,39.454006],[121.324718,39.460761],[121.327322,39.468451],[121.331309,39.475775],[121.340587,39.48135],[121.35255,39.482408],[121.388438,39.474514],[121.413259,39.476508],[121.422537,39.474514]]],[[[122.964366,39.515448],[122.968028,39.541083],[122.989757,39.549506],[123.017589,39.544501],[123.04005,39.529731],[123.029959,39.50788],[123.005707,39.497301],[122.979747,39.499335],[122.964366,39.515448]]],[[[121.95753,29.119534],[121.958832,29.108059],[121.958344,29.101874],[121.935313,29.062893],[121.925141,29.063056],[121.912283,29.071357],[121.888682,29.072333],[121.900157,29.093736],[121.888438,29.110297],[121.871593,29.126614],[121.868175,29.147406],[121.881358,29.160305],[121.903331,29.166571],[121.926606,29.166734],[121.943207,29.161119],[121.951915,29.152289],[121.955414,29.1435],[121.95753,29.119534]]],[[[122.14324,29.733385],[122.177013,29.696845],[122.18686,29.673407],[122.162934,29.654527],[122.16977,29.675035],[122.165212,29.673163],[122.149425,29.66885],[122.149425,29.68183],[122.138927,29.672593],[122.132579,29.668891],[122.127452,29.669013],[122.125011,29.673245],[122.123057,29.686469],[122.121104,29.691718],[122.115245,29.698391],[122.108735,29.704006],[122.103689,29.710517],[122.101573,29.719713],[122.092784,29.725775],[122.073904,29.724433],[122.056814,29.719794],[122.053071,29.71601],[122.045095,29.716986],[122.04005,29.716376],[122.036469,29.717475],[122.033376,29.723456],[122.032888,29.730943],[122.03533,29.739976],[122.039317,29.747545],[122.043224,29.7508],[122.048595,29.75609],[122.056651,29.767808],[122.068207,29.779527],[122.084483,29.784898],[122.097992,29.786851],[122.107432,29.789618],[122.114757,29.78852],[122.122081,29.778713],[122.12379,29.770901],[122.120942,29.757799],[122.122081,29.7508],[122.126475,29.745063],[122.14031,29.734605],[122.14324,29.733385]]],[[[122.395193,29.883612],[122.392263,29.87641],[122.386729,29.870673],[122.382823,29.864732],[122.385916,29.856879],[122.394054,29.847886],[122.395518,29.842678],[122.395193,29.833319],[122.384776,29.835191],[122.377208,29.838935],[122.365408,29.849758],[122.357107,29.861721],[122.359223,29.869778],[122.365489,29.876288],[122.369151,29.883612],[122.367361,29.895901],[122.362071,29.904486],[122.353852,29.91059],[122.333507,29.9206],[122.325206,29.927883],[122.320567,29.937242],[122.322032,29.948432],[122.32545,29.953925],[122.330089,29.958238],[122.33546,29.96133],[122.341807,29.963039],[122.346446,29.949408],[122.359141,29.946275],[122.388927,29.948798],[122.400645,29.952948],[122.406749,29.952704],[122.409434,29.945705],[122.409028,29.936672],[122.407481,29.930609],[122.403168,29.926256],[122.395193,29.922065],[122.409679,29.9112],[122.408051,29.899848],[122.395193,29.883612]]],[[[121.881847,30.076361],[121.885265,30.061184],[121.893077,30.05622],[121.90211,30.053534],[121.90919,30.044989],[121.910492,30.024115],[121.903331,30.001776],[121.889659,29.983954],[121.871593,29.976711],[121.860118,29.978095],[121.847423,29.982123],[121.836192,29.988674],[121.828868,29.997504],[121.827403,30.004218],[121.829112,30.009101],[121.832205,30.013658],[121.835134,30.019436],[121.835948,30.025702],[121.834483,30.03856],[121.834727,30.044989],[121.837413,30.055894],[121.847667,30.083157],[121.853038,30.087144],[121.864757,30.085924],[121.876475,30.08161],[121.881847,30.076361]]],[[[122.327485,30.024482],[122.326671,30.01081],[122.320974,30.005927],[122.313243,30.003485],[122.306977,29.997219],[122.302989,29.986314],[122.301036,29.975898],[122.300141,29.95246],[122.29363,29.933783],[122.277843,29.939927],[122.245616,29.969875],[122.229177,29.978664],[122.184744,29.994452],[122.144216,30.000393],[122.098969,30.014472],[122.077403,30.017646],[122.065278,30.015937],[122.048839,30.007392],[122.034679,30.002021],[122.030528,29.999335],[122.025727,29.99726],[122.019054,29.997219],[122.010509,30.000312],[122.009613,30.00434],[122.011729,30.00845],[122.012218,30.01142],[122.011241,30.015082],[122.01352,30.025824],[122.012218,30.031928],[122.0088,30.033393],[121.995453,30.036566],[121.99171,30.038072],[121.976817,30.053656],[121.973399,30.059963],[121.971853,30.067694],[121.973806,30.072577],[121.977306,30.077338],[121.980317,30.084621],[121.980805,30.090074],[121.978038,30.107082],[121.965505,30.129706],[121.963145,30.142401],[121.97462,30.148017],[122.087413,30.147528],[122.103282,30.143704],[122.117442,30.135932],[122.132335,30.123765],[122.140798,30.121324],[122.164806,30.12051],[122.16977,30.117255],[122.173595,30.10224],[122.182465,30.098578],[122.193696,30.099799],[122.203868,30.099555],[122.22934,30.09162],[122.23878,30.086615],[122.245372,30.080146],[122.249685,30.073432],[122.256114,30.068183],[122.269542,30.066067],[122.289561,30.067328],[122.29713,30.062567],[122.300141,30.048733],[122.30421,30.041978],[122.32252,30.031928],[122.327485,30.024482]]],[[[121.844075,31.607947],[121.918966,31.578463],[121.980086,31.540296],[121.986598,31.503897],[121.977851,31.477771],[121.91289,31.456332],[121.851374,31.439179],[121.817326,31.44665],[121.783352,31.465686],[121.730235,31.484768],[121.710168,31.495077],[121.68463,31.506807],[121.614689,31.521582],[121.571544,31.529364],[121.541341,31.553785],[121.517456,31.568392],[121.48463,31.579901],[121.404614,31.613715],[121.375523,31.634134],[121.344737,31.641303],[121.314464,31.655585],[121.302908,31.671454],[121.285899,31.704047],[121.224511,31.737667],[121.205578,31.756619],[121.186631,31.774116],[121.176288,31.784323],[121.181443,31.79598],[121.19516,31.805243],[121.219301,31.829473],[121.264065,31.841077],[121.322564,31.829331],[121.362089,31.817608],[121.386133,31.811736],[121.423885,31.795639],[121.475304,31.77077],[121.500966,31.750329],[121.535176,31.72841],[121.571091,31.713752],[121.605243,31.691824],[121.625702,31.675756],[121.641053,31.66552],[121.663223,31.652352],[121.721227,31.630313],[121.844075,31.607947]]],[[[120.748383,37.938707],[120.757335,37.922675],[120.7588,37.907538],[120.754568,37.896674],[120.746593,37.897895],[120.73699,37.904608],[120.726329,37.90884],[120.722423,37.919094],[120.727061,37.947659],[120.734548,37.947659],[120.748383,37.938707]]],[[[120.606781,37.979885],[120.618988,37.981147],[120.625824,37.972561],[120.625662,37.958686],[120.622895,37.948798],[120.618419,37.947008],[120.615489,37.94831],[120.609386,37.955024],[120.601899,37.969306],[120.606781,37.979885]]],[[[120.720063,37.980943],[120.727306,37.969428],[120.72047,37.964016],[120.709158,37.965766],[120.700531,37.969875],[120.694998,37.974677],[120.690929,37.981431],[120.688243,37.985256],[120.690196,37.990627],[120.704112,37.989651],[120.720063,37.980943]]],[[[120.760427,38.170478],[120.772716,38.165432],[120.773285,38.159735],[120.761241,38.158026],[120.754568,38.158189],[120.746593,38.161851],[120.73878,38.175605],[120.742686,38.187567],[120.760427,38.170478]]],[[[120.806488,38.288235],[120.800059,38.287502],[120.799978,38.293891],[120.802745,38.298407],[120.807384,38.304877],[120.819835,38.313666],[120.833751,38.312567],[120.836192,38.304267],[120.82838,38.298814],[120.824392,38.298326],[120.820486,38.297512],[120.813324,38.293769],[120.806488,38.288235]]],[[[120.914236,38.384101],[120.907563,38.385159],[120.906912,38.392564],[120.917817,38.395453],[120.924571,38.386868],[120.923188,38.383246],[120.917247,38.384426],[120.914236,38.384101]]],[[[123.180675,39.091946],[123.184825,39.086127],[123.195811,39.065334],[123.195567,39.052069],[123.185232,39.042304],[123.172537,39.033677],[123.160655,39.029242],[123.149913,39.036566],[123.145193,39.04328],[123.148123,39.056342],[123.153087,39.062323],[123.164887,39.060492],[123.164724,39.066392],[123.15919,39.071682],[123.15089,39.073432],[123.143321,39.075832],[123.143565,39.080878],[123.168142,39.08393],[123.17628,39.089993],[123.180675,39.091946]]],[[[121.862153,29.129584],[121.864594,29.123847],[121.867361,29.11579],[121.861013,29.106838],[121.853526,29.097561],[121.842052,29.095038],[121.83725,29.099799],[121.826671,29.107978],[121.814464,29.115383],[121.802501,29.118638],[121.792735,29.118557],[121.785818,29.119696],[121.782725,29.124661],[121.783539,29.13288],[121.785981,29.143744],[121.789806,29.149848],[121.796235,29.1494],[121.843923,29.141913],[121.856781,29.134263],[121.862153,29.129584]]],[[[122.304698,29.81745],[122.312185,29.795152],[122.314708,29.783677],[122.30836,29.776272],[122.295584,29.77912],[122.272472,29.792141],[122.265391,29.798],[122.251313,29.806098],[122.237559,29.823798],[122.232677,29.827826],[122.2317,29.836249],[122.247732,29.846096],[122.271169,29.846829],[122.28419,29.842841],[122.312022,29.829047],[122.310395,29.824612],[122.304698,29.81745]]],[[[121.972179,29.94477],[121.986827,29.929877],[121.9935,29.91885],[121.992442,29.908271],[121.974132,29.899848],[121.946137,29.903957],[121.933604,29.921332],[121.940929,29.93769],[121.951915,29.948065],[121.959972,29.953192],[121.966482,29.951728],[121.970225,29.946845],[121.972179,29.94477]]],[[[122.345714,30.241929],[122.329112,30.239081],[122.315684,30.240302],[122.305349,30.240139],[122.29477,30.236721],[122.283376,30.235256],[122.277599,30.235541],[122.278331,30.240627],[122.287446,30.247789],[122.302501,30.252102],[122.312999,30.259955],[122.318614,30.268378],[122.323985,30.272162],[122.331879,30.273668],[122.342052,30.273627],[122.382579,30.277167],[122.399913,30.274604],[122.407725,30.265937],[122.410655,30.254706],[122.408539,30.243964],[122.395844,30.239447],[122.384532,30.250149],[122.383556,30.261542],[122.380626,30.263739],[122.375011,30.262152],[122.357188,30.247748],[122.345714,30.241929]]],[[[122.529307,30.720771],[122.526378,30.714179],[122.531098,30.704413],[122.52475,30.701809],[122.493175,30.703111],[122.487315,30.70185],[122.474376,30.702582],[122.466563,30.699123],[122.463064,30.696357],[122.460704,30.694037],[122.455251,30.693996],[122.44516,30.696763],[122.431977,30.697984],[122.427257,30.703925],[122.432628,30.71483],[122.434744,30.727118],[122.42921,30.738023],[122.429942,30.743069],[122.440766,30.741034],[122.458018,30.730658],[122.472911,30.717231],[122.484386,30.714667],[122.496349,30.716783],[122.501964,30.71898],[122.509613,30.721177],[122.524587,30.723578],[122.529307,30.720771]]],[[[121.76238,31.373765],[121.774181,31.359198],[121.782237,31.341783],[121.78004,31.325181],[121.766368,31.320624],[121.751638,31.330512],[121.72047,31.357733],[121.598806,31.429145],[121.584483,31.441392],[121.591156,31.445868],[121.60255,31.444241],[121.618175,31.443793],[121.691254,31.419176],[121.725597,31.402737],[121.745942,31.388495],[121.76238,31.373765]]],[[[118.632743,39.074581],[118.648672,39.055851],[118.648736,39.044651],[118.594321,38.972197],[118.514308,38.919445],[118.502699,38.919028],[118.480276,38.93482],[118.4909,38.943187],[118.470698,38.970551],[118.469477,39.006319],[118.478483,39.042858],[118.488193,39.050492],[118.526381,39.046694],[118.559718,39.003125],[118.577812,39.008619],[118.610196,39.034034],[118.628711,39.048554],[118.614637,39.067649],[118.632743,39.074581]]]]}},{"type":"Feature","properties":{"code":"PRK","name":"North Korea"},"geometry":{"type":"MultiPolygon","coordinates":[[[[128.364919,38.624335],[128.308374,38.60134],[128.281089,38.584416],[128.274785,38.571497],[128.276955,38.554056],[128.28543,38.519846],[128.281089,38.48437],[128.268067,38.45352],[128.24874,38.425769],[128.225589,38.399776],[128.172362,38.355954],[128.10849,38.323502],[128.039864,38.304278],[127.971754,38.300041],[127.866851,38.304846],[127.800757,38.293917],[127.787011,38.296682],[127.774712,38.306448],[127.761948,38.32097],[127.753731,38.325362],[127.560823,38.312081],[127.502067,38.298077],[127.47194,38.295906],[127.377113,38.318515],[127.253814,38.31004],[127.221981,38.312701],[127.157489,38.307224],[127.090464,38.285855],[127.026747,38.254462],[126.971919,38.218909],[126.966065,38.213038],[126.953728,38.200667],[126.940134,38.174173],[126.919829,38.134598],[126.903344,38.119586],[126.864793,38.096022],[126.847327,38.082018],[126.761906,37.979001],[126.722115,37.953938],[126.696328,37.946186],[126.677828,37.944584],[126.665787,37.937634],[126.660516,37.913811],[126.667459,37.82781],[126.667003,37.827582],[126.655772,37.814521],[126.651622,37.799262],[126.6421,37.798],[126.620779,37.787706],[126.593272,37.7744],[126.576182,37.777533],[126.436615,37.848375],[126.428477,37.854193],[126.404307,37.887152],[126.397716,37.89175],[126.378673,37.889594],[126.358002,37.884345],[126.279552,37.851264],[126.259532,37.845445],[126.236908,37.843329],[126.199962,37.844224],[126.178477,37.840522],[126.158214,37.829657],[126.149181,37.82217],[126.147716,37.819037],[126.14975,37.815253],[126.152843,37.799709],[126.159679,37.778876],[126.165375,37.768256],[126.164317,37.754625],[126.161225,37.740668],[126.158214,37.733466],[126.110362,37.740912],[126.096934,37.781399],[126.086925,37.80036],[126.072113,37.799262],[126.062836,37.802232],[126.058604,37.824693],[126.055756,37.870592],[126.026134,37.853664],[126.012787,37.854315],[126.007335,37.874335],[126.000743,37.885565],[125.985932,37.898383],[125.969819,37.908677],[125.959483,37.912177],[125.944102,37.901923],[125.950531,37.88935],[125.96461,37.878648],[125.972504,37.874335],[125.974457,37.864163],[125.983653,37.837104],[125.986176,37.822821],[125.977875,37.829332],[125.967133,37.835435],[125.955903,37.840318],[125.945893,37.843329],[125.93336,37.844631],[125.927013,37.84398],[125.921641,37.844875],[125.911632,37.850775],[125.895518,37.864814],[125.84547,37.9265],[125.841075,37.936347],[125.834972,37.943549],[125.81129,37.947577],[125.805186,37.951565],[125.802501,37.95893],[125.801768,37.970201],[125.803966,37.988959],[125.799327,37.992906],[125.78419,37.994086],[125.773774,37.99608],[125.756358,38.005072],[125.746593,38.007758],[125.70517,38.009345],[125.687348,38.012274],[125.647309,38.027289],[125.622162,38.031928],[125.596934,38.032213],[125.578949,38.025133],[125.578217,38.009019],[125.596528,37.992255],[125.62143,37.97899],[125.640717,37.973619],[125.675385,37.977607],[125.685313,37.972113],[125.678315,37.952541],[125.688813,37.956041],[125.698985,37.958197],[125.708832,37.957424],[125.71933,37.952541],[125.70753,37.939765],[125.698822,37.925238],[125.71754,37.925279],[125.72519,37.927476],[125.732921,37.932685],[125.739757,37.925238],[125.727794,37.91592],[125.715343,37.908271],[125.701508,37.902493],[125.685069,37.898586],[125.668956,37.899156],[125.657074,37.905829],[125.645518,37.915473],[125.630626,37.925238],[125.627452,37.902167],[125.636811,37.878648],[125.641205,37.856391],[125.623057,37.837104],[125.637787,37.825344],[125.644135,37.822821],[125.640147,37.813422],[125.633556,37.809556],[125.613536,37.809149],[125.609223,37.806301],[125.611095,37.79975],[125.616954,37.788723],[125.620372,37.774115],[125.620128,37.765326],[125.613536,37.761379],[125.602794,37.761786],[125.593028,37.763617],[125.583995,37.767524],[125.575206,37.7744],[125.579356,37.776679],[125.580089,37.777655],[125.580414,37.778795],[125.582774,37.781887],[125.570567,37.787095],[125.559581,37.787746],[125.551606,37.782701],[125.548595,37.771308],[125.54184,37.770453],[125.528901,37.772528],[125.520518,37.780178],[125.527599,37.796129],[125.50351,37.778795],[125.490977,37.754055],[125.47462,37.731187],[125.438731,37.719794],[125.403656,37.719062],[125.385265,37.716376],[125.377289,37.71015],[125.372651,37.693549],[125.361583,37.68008],[125.347504,37.675605],[125.335053,37.686265],[125.348643,37.737982],[125.36378,37.760891],[125.390391,37.754543],[125.444916,37.7744],[125.429454,37.781562],[125.395112,37.776435],[125.377289,37.781887],[125.389903,37.796129],[125.410981,37.809394],[125.434906,37.819037],[125.455821,37.822821],[125.505138,37.813178],[125.524181,37.817816],[125.527599,37.843329],[125.510834,37.837714],[125.497325,37.839667],[125.486664,37.847073],[125.479096,37.857611],[125.508637,37.883734],[125.510102,37.894273],[125.483165,37.898586],[125.463878,37.90412],[125.455089,37.914618],[125.445649,37.920396],[125.424408,37.912177],[125.427501,37.908352],[125.430024,37.902004],[125.431895,37.898586],[125.406261,37.898627],[125.394542,37.896674],[125.383556,37.89175],[125.402843,37.885565],[125.427989,37.874498],[125.4463,37.860012],[125.444916,37.843329],[125.42628,37.856024],[125.399669,37.865465],[125.371837,37.869127],[125.349376,37.864407],[125.354015,37.857001],[125.360362,37.85106],[125.368012,37.846625],[125.377289,37.843329],[125.345958,37.822577],[125.326671,37.812974],[125.30836,37.809149],[125.309093,37.811103],[125.308116,37.815497],[125.305431,37.820217],[125.301036,37.822821],[125.239513,37.822821],[125.25172,37.837836],[125.294932,37.859849],[125.30836,37.878079],[125.300629,37.895209],[125.257091,37.914618],[125.26002,37.932685],[125.240082,37.929592],[125.228526,37.915229],[125.219574,37.896715],[125.208507,37.881171],[125.193126,37.871772],[125.176606,37.867621],[125.158214,37.86758],[125.100352,37.875067],[125.089366,37.878079],[125.062104,37.896145],[125.051524,37.898586],[125.029389,37.900092],[125.013194,37.905992],[125.006602,37.918443],[125.01352,37.939521],[124.989024,37.927436],[124.979503,37.925238],[124.983653,37.942328],[124.992198,37.952948],[125.005463,37.958441],[125.024181,37.960028],[125.036632,37.963609],[125.062022,37.978583],[125.075694,37.980455],[125.08961,37.975816],[125.115977,37.962714],[125.1338,37.960028],[125.149913,37.960761],[125.163829,37.963772],[125.175385,37.969916],[125.184906,37.980455],[125.177501,37.987942],[125.166515,37.981269],[125.155284,37.979967],[125.144298,37.983466],[125.123302,37.99844],[125.1185,37.999457],[125.115326,38.002387],[125.109711,38.015286],[125.1067,38.034613],[125.116222,38.041938],[125.157563,38.042548],[125.201671,38.049384],[125.213227,38.045722],[125.217296,38.037177],[125.219574,38.027818],[125.22519,38.02143],[125.246349,38.020087],[125.253184,38.053941],[125.273692,38.062405],[125.264903,38.077948],[125.248302,38.083808],[125.208507,38.083482],[125.19044,38.085761],[125.155854,38.095526],[125.140636,38.097805],[125.124522,38.09512],[125.075694,38.076077],[125.027354,38.068996],[125.01352,38.062405],[124.937836,38.097805],[124.904877,38.124823],[124.885265,38.131659],[124.876475,38.113959],[124.865489,38.107082],[124.840099,38.101996],[124.793793,38.097805],[124.677094,38.115383],[124.667247,38.125718],[124.673595,38.137193],[124.697765,38.144965],[124.745128,38.147935],[124.765147,38.156073],[124.773285,38.175971],[124.78004,38.178616],[124.821788,38.18594],[124.829112,38.193793],[124.84547,38.218411],[124.855968,38.226955],[124.879161,38.230658],[124.895274,38.221503],[124.920909,38.189358],[124.931,38.192939],[124.993012,38.226955],[124.967621,38.235338],[124.91505,38.229071],[124.886567,38.244574],[124.872325,38.257636],[124.870128,38.265448],[124.86964,38.282131],[124.879731,38.345201],[124.883881,38.355292],[124.927989,38.409084],[124.935069,38.4206],[124.947276,38.450507],[124.958995,38.460883],[124.966563,38.463365],[124.972179,38.462144],[124.974864,38.455146],[124.972667,38.440375],[124.985199,38.451361],[125.002045,38.473619],[125.016368,38.497952],[125.021007,38.514879],[125.01474,38.52497],[124.996837,38.535875],[124.993012,38.545885],[124.994884,38.557685],[124.997081,38.566148],[124.995697,38.574042],[124.980866,38.584157],[124.983949,38.591942],[124.997747,38.592522],[125.017686,38.583523],[125.0292,38.589495],[125.037625,38.591271],[125.042966,38.581683],[125.058241,38.568468],[125.079744,38.583989],[125.102769,38.593523],[125.128009,38.580281],[125.134532,38.591254],[125.134044,38.610012],[125.137218,38.624742],[125.126069,38.633246],[125.118419,38.645168],[125.116547,38.657213],[125.123383,38.666327],[125.13756,38.662332],[125.148229,38.646128],[125.1566,38.631727],[125.179623,38.634655],[125.183496,38.642432],[125.178198,38.656826],[125.179797,38.670002],[125.18899,38.666979],[125.193545,38.657379],[125.203485,38.652553],[125.220381,38.656092],[125.235734,38.657837],[125.259614,38.669739],[125.267295,38.67031],[125.277983,38.663078],[125.301036,38.656806],[125.311324,38.665017],[125.319791,38.668584],[125.330605,38.678747],[125.346016,38.687079],[125.369108,38.694761],[125.397227,38.693671],[125.406749,38.692857],[125.429698,38.687486],[125.441905,38.686225],[125.444428,38.689521],[125.446137,38.696723],[125.45102,38.704006],[125.462657,38.707261],[125.507091,38.686225],[125.511811,38.676703],[125.514659,38.657864],[125.520763,38.652655],[125.532725,38.65412],[125.537934,38.663642],[125.540782,38.674262],[125.545177,38.679389],[125.555186,38.676663],[125.564952,38.670111],[125.572358,38.662299],[125.575206,38.655748],[125.585948,38.641913],[125.610362,38.63109],[125.63795,38.62641],[125.657807,38.631008],[125.648529,38.638495],[125.636811,38.653998],[125.630626,38.658881],[125.619884,38.661444],[125.59962,38.662258],[125.588959,38.666327],[125.543712,38.711127],[125.527599,38.720933],[125.51474,38.722805],[125.490977,38.722886],[125.479096,38.727729],[125.472911,38.73432],[125.447032,38.771552],[125.448009,38.77619],[125.447765,38.777248],[125.438731,38.77558],[125.435883,38.771308],[125.43214,38.763088],[125.424571,38.755927],[125.410899,38.755072],[125.420014,38.75019],[125.427826,38.744127],[125.434174,38.736762],[125.419313,38.729265],[125.389244,38.717449],[125.373128,38.720541],[125.363048,38.734565],[125.356212,38.734565],[125.350352,38.721259],[125.341075,38.717475],[125.314545,38.720933],[125.312755,38.723863],[125.310313,38.729804],[125.306407,38.734605],[125.301036,38.734565],[125.295909,38.728461],[125.297944,38.722113],[125.303477,38.716742],[125.30836,38.713528],[125.30836,38.707261],[125.293712,38.703192],[125.27768,38.703315],[125.262462,38.707913],[125.249766,38.717231],[125.2435,38.728339],[125.246918,38.736721],[125.266856,38.755072],[125.259776,38.758287],[125.253184,38.762519],[125.257823,38.771918],[125.252696,38.783596],[125.240977,38.793118],[125.22519,38.796088],[125.230479,38.771918],[125.216557,38.739717],[125.18812,38.738608],[125.176664,38.751228],[125.172111,38.76323],[125.15677,38.769267],[125.145274,38.777088],[125.137218,38.803534],[125.143321,38.82038],[125.147553,38.837144],[125.150727,38.874579],[125.151966,38.891529],[125.163627,38.91546],[125.172981,38.9388],[125.190027,38.95852],[125.200901,38.975262],[125.198643,38.986056],[125.212169,39.001532],[125.233368,39.029887],[125.252002,39.049639],[125.26002,39.066352],[125.270803,39.080606],[125.291108,39.080471],[125.31601,39.079535],[125.335053,39.083441],[125.28407,39.089556],[125.286694,39.097046],[125.290612,39.104531],[125.290335,39.111281],[125.286179,39.117049],[125.288153,39.123542],[125.287364,39.131822],[125.289154,39.139065],[125.293305,39.143541],[125.294444,39.147366],[125.287364,39.15233],[125.296723,39.161526],[125.30714,39.165432],[125.332042,39.165961],[125.343516,39.168891],[125.340099,39.176011],[125.332042,39.184963],[125.328868,39.193305],[125.343598,39.212877],[125.365082,39.220893],[125.389008,39.220282],[125.410899,39.213813],[125.404877,39.228949],[125.396007,39.236558],[125.393565,39.245795],[125.431895,39.300727],[125.444916,39.310614],[125.42921,39.312242],[125.41627,39.320258],[125.411143,39.333482],[125.418224,39.350979],[125.413422,39.354438],[125.404633,39.364651],[125.414806,39.362006],[125.418956,39.360541],[125.424408,39.357123],[125.445649,39.366929],[125.454194,39.374335],[125.459239,39.385077],[125.438487,39.384996],[125.376475,39.392524],[125.357026,39.398749],[125.359955,39.413153],[125.383556,39.440334],[125.372569,39.440985],[125.361827,39.439927],[125.351654,39.437405],[125.34254,39.433539],[125.346039,39.459621],[125.360362,39.474677],[125.379405,39.486274],[125.397227,39.501776],[125.402599,39.513739],[125.406586,39.527493],[125.413666,39.538723],[125.441987,39.547553],[125.450287,39.557929],[125.451752,39.571275],[125.444916,39.584377],[125.429698,39.575385],[125.325694,39.533189],[125.303559,39.527289],[125.294932,39.523017],[125.285981,39.521186],[125.27711,39.526028],[125.250743,39.551215],[125.246349,39.553616],[125.237071,39.562893],[125.219574,39.566474],[125.210297,39.573065],[125.22519,39.591213],[125.157563,39.591213],[125.160981,39.585191],[125.167817,39.56977],[125.171235,39.56387],[125.126801,39.56387],[125.116954,39.565863],[125.114268,39.57095],[125.113536,39.577582],[125.109711,39.584377],[125.10377,39.592475],[125.101654,39.5987],[125.097504,39.602729],[125.085541,39.604193],[125.070079,39.601508],[125.060313,39.601142],[125.047699,39.604193],[125.04005,39.608547],[125.018077,39.62401],[125.01352,39.62873],[125.01059,39.635321],[125.003266,39.636868],[124.994395,39.636908],[124.986339,39.638983],[124.958263,39.662014],[124.947276,39.662991],[124.937836,39.645819],[124.926524,39.652981],[124.913097,39.656236],[124.901622,39.662055],[124.89267,39.691962],[124.881602,39.704169],[124.866303,39.713853],[124.849132,39.721503],[124.833588,39.725979],[124.81129,39.728339],[124.803071,39.730455],[124.799164,39.739814],[124.77065,39.741811],[124.76039,39.748008],[124.75644,39.770657],[124.746104,39.782945],[124.740245,39.772162],[124.739513,39.762112],[124.742931,39.752997],[124.749522,39.745063],[124.754731,39.73371],[124.750255,39.722357],[124.750021,39.709892],[124.744187,39.701308],[124.744624,39.691356],[124.757115,39.687906],[124.753045,39.672459],[124.740532,39.671792],[124.729805,39.665293],[124.734244,39.654996],[124.743907,39.644355],[124.735137,39.641588],[124.716412,39.647128],[124.695017,39.63754],[124.674929,39.622069],[124.649063,39.612121],[124.640575,39.594604],[124.637452,39.590483],[124.62379,39.597968],[124.624115,39.6022],[124.625336,39.60517],[124.629405,39.61164],[124.621918,39.613105],[124.618663,39.614732],[124.615733,39.617865],[124.610803,39.628651],[124.628574,39.644748],[124.632149,39.662946],[124.645095,39.669466],[124.649913,39.683661],[124.646983,39.697577],[124.639903,39.698065],[124.63144,39.693915],[124.62379,39.693549],[124.619884,39.697943],[124.613373,39.709784],[124.609467,39.714667],[124.600352,39.719306],[124.591563,39.720852],[124.584809,39.723578],[124.582286,39.731757],[124.583263,39.740546],[124.587901,39.756293],[124.589122,39.765855],[124.584727,39.770941],[124.56601,39.778876],[124.561615,39.786689],[124.56544,39.807115],[124.564057,39.814276],[124.554942,39.817084],[124.519786,39.818061],[124.434418,39.830756],[124.430024,39.829332],[124.426362,39.826483],[124.422618,39.824205],[124.417735,39.82453],[124.413666,39.827826],[124.40976,39.835924],[124.407237,39.837592],[124.403575,39.841498],[124.399181,39.859809],[124.396576,39.865546],[124.389659,39.867865],[124.362559,39.871731],[124.348888,39.892808],[124.341807,39.89997],[124.334809,39.905585],[124.327973,39.909735],[124.321544,39.912665],[124.332123,39.925116],[124.345714,39.930243],[124.359386,39.933539],[124.369965,39.940009],[124.376069,39.954088],[124.383067,40.002672],[124.405772,40.027777],[124.434093,40.024563],[124.465831,40.015286],[124.499604,40.022528],[124.479259,40.030748],[124.432872,40.032782],[124.410248,40.0362],[124.391449,40.048285],[124.384369,40.064887],[124.380382,40.082668],[124.369965,40.098293],[124.385565,40.110473],[124.528192,40.214136],[124.532378,40.215996],[124.543023,40.21765],[124.548656,40.220905],[124.550206,40.224729],[124.551756,40.236201],[124.554857,40.241421],[124.570877,40.252428],[124.611184,40.272168],[124.627204,40.286121],[124.642603,40.294286],[124.69304,40.302812],[124.71247,40.310305],[124.72296,40.326687],[124.73128,40.349735],[124.741202,40.370353],[124.756808,40.37919],[124.779856,40.383479],[124.800837,40.394073],[124.849878,40.43159],[124.883829,40.465541],[124.89065,40.477892],[124.895508,40.483628],[124.905636,40.476497],[124.915145,40.465852],[124.917935,40.461097],[124.925894,40.457893],[124.935299,40.455568],[124.959587,40.453656],[124.986613,40.457377],[125.006612,40.456136],[125.026301,40.457377],[125.041287,40.461097],[125.0463,40.471071],[125.038858,40.483473],[125.027696,40.495876],[125.015294,40.508278],[125.015294,40.521972],[125.025112,40.534374],[125.05002,40.541816],[125.073585,40.548017],[125.089656,40.55551],[125.114616,40.56414],[125.133064,40.572873],[125.153063,40.583984],[125.181537,40.593957],[125.216418,40.602639],[125.242412,40.611321],[125.256106,40.615041],[125.264839,40.622483],[125.270989,40.632456],[125.27719,40.643618],[125.293313,40.648579],[125.308196,40.64982],[125.323182,40.644859],[125.33667,40.641138],[125.356048,40.646047],[125.363593,40.646719],[125.372481,40.643929],[125.384574,40.635092],[125.390878,40.632456],[125.413254,40.631785],[125.41713,40.639278],[125.414959,40.651938],[125.41516,40.652685],[125.418887,40.666563],[125.426328,40.671162],[125.443691,40.668733],[125.452993,40.673384],[125.4563,40.679689],[125.456921,40.693693],[125.459814,40.701341],[125.469065,40.712917],[125.47878,40.718756],[125.491647,40.720926],[125.533092,40.721805],[125.546476,40.725939],[125.553349,40.737101],[125.555364,40.758754],[125.560067,40.778339],[125.571746,40.784902],[125.586525,40.781853],[125.600323,40.772706],[125.608126,40.76418],[125.609935,40.761286],[125.668691,40.762164],[125.682643,40.768882],[125.673342,40.784075],[125.644816,40.810585],[125.683212,40.847895],[125.70409,40.859195],[125.706414,40.860453],[125.737007,40.865207],[125.745895,40.868153],[125.750753,40.874767],[125.754732,40.881692],[125.760933,40.885671],[125.770803,40.886239],[125.779175,40.884637],[125.821963,40.869755],[125.831678,40.87084],[125.872709,40.892699],[125.885215,40.897505],[125.901545,40.899313],[125.912293,40.894146],[125.924024,40.884069],[125.936168,40.877403],[125.949604,40.88257],[125.96428,40.891304],[125.995079,40.894146],[126.007843,40.899313],[126.015336,40.909132],[126.010013,40.913886],[125.996629,40.91492],[125.980558,40.913628],[125.99203,40.928356],[126.009548,40.932696],[126.028565,40.93528],[126.045515,40.944685],[126.065824,40.968612],[126.071974,40.9806],[126.069286,40.989385],[126.075643,40.997085],[126.083704,41.002511],[126.093368,41.006232],[126.104065,41.009178],[126.101326,41.022097],[126.111506,41.032432],[126.12644,41.043232],[126.138171,41.056978],[126.123753,41.07553],[126.147421,41.092273],[126.260696,41.143123],[126.274752,41.15258],[126.284364,41.164103],[126.30953,41.207822],[126.321002,41.218881],[126.346169,41.237691],[126.357331,41.249421],[126.380585,41.290814],[126.391489,41.303423],[126.440892,41.348382],[126.472518,41.36652],[126.501301,41.366107],[126.498201,41.361766],[126.496495,41.358045],[126.493757,41.35479],[126.487659,41.351792],[126.487659,41.344403],[126.522127,41.351947],[126.522127,41.377631],[126.508278,41.409153],[126.501301,41.434371],[126.507606,41.447239],[126.542229,41.488993],[126.558766,41.534158],[126.577266,41.561805],[126.580883,41.575241],[126.577266,41.588315],[126.566517,41.601932],[126.567034,41.614154],[126.60207,41.642059],[126.617883,41.665933],[126.633955,41.668621],[126.669301,41.667122],[126.680102,41.671902],[126.712245,41.694175],[126.727954,41.701254],[126.714157,41.70991],[126.699635,41.716421],[126.68713,41.724018],[126.679482,41.735981],[126.696587,41.741226],[126.712503,41.741226],[126.727282,41.736911],[126.741545,41.729185],[126.771362,41.704484],[126.788622,41.695906],[126.79627,41.704949],[126.808879,41.729831],[126.864793,41.747272],[126.877454,41.77355],[126.887118,41.784918],[126.908512,41.796158],[126.929802,41.801041],[126.939621,41.793729],[126.940654,41.771767],[126.946132,41.766186],[126.958586,41.766806],[126.981169,41.763318],[126.999631,41.752049],[127.033155,41.731588],[127.042664,41.732648],[127.046798,41.719238],[127.068347,41.69358],[127.076615,41.68079],[127.059613,41.682237],[127.048968,41.677741],[127.045454,41.668],[127.049433,41.653428],[127.058993,41.643299],[127.074031,41.635703],[127.104675,41.626168],[127.101885,41.622293],[127.097234,41.612448],[127.113977,41.610355],[127.166067,41.594956],[127.17971,41.585163],[127.15785,41.5786],[127.136508,41.569247],[127.118008,41.555759],[127.104675,41.537414],[127.111962,41.536639],[127.12085,41.534779],[127.12824,41.531575],[127.134648,41.522014],[127.142399,41.523926],[127.155938,41.530541],[127.165137,41.528526],[127.170356,41.523926],[127.174335,41.519276],[127.17971,41.51695],[127.187254,41.521498],[127.200328,41.542065],[127.207098,41.545941],[127.221981,41.540773],[127.244512,41.528009],[127.258309,41.525477],[127.267456,41.527337],[127.274691,41.530438],[127.28146,41.531058],[127.288953,41.525477],[127.28978,41.518552],[127.283579,41.512196],[127.275156,41.507338],[127.269058,41.504961],[127.28637,41.499018],[127.305128,41.494678],[127.344247,41.491319],[127.353704,41.492714],[127.371119,41.498088],[127.378974,41.498812],[127.388482,41.496021],[127.395924,41.49137],[127.40135,41.486823],[127.405122,41.484497],[127.427343,41.483102],[127.443053,41.488011],[127.457109,41.494729],[127.47411,41.498812],[127.491008,41.495401],[127.508475,41.488166],[127.525838,41.484342],[127.542891,41.491319],[127.544752,41.468891],[127.558808,41.458246],[127.597513,41.450339],[127.63069,41.432873],[127.638338,41.429875],[127.647071,41.432976],[127.65813,41.446567],[127.662677,41.44698],[127.690273,41.43897],[127.784634,41.436903],[127.810369,41.44357],[127.828869,41.433958],[127.848868,41.431322],[127.865146,41.43742],[127.871864,41.45375],[127.881475,41.460881],[127.903593,41.466256],[127.944211,41.470855],[127.974235,41.450339],[127.984467,41.454008],[127.992735,41.46114],[128.001416,41.470855],[128.012372,41.460106],[128.013095,41.442278],[128.011545,41.424346],[128.015162,41.413287],[128.023844,41.411479],[128.033663,41.413752],[128.050612,41.420729],[128.046892,41.398766],[128.064152,41.388431],[128.08813,41.388896],[128.103943,41.399593],[128.118205,41.393444],[128.103943,41.379129],[128.14611,41.376339],[128.185695,41.404451],[128.287601,41.5447],[128.303,41.583406],[128.28326,41.605058],[128.281399,41.62299],[128.268997,41.643377],[128.25091,41.66012],[128.224142,41.669447],[128.186005,41.692908],[128.159133,41.711822],[128.154895,41.733759],[128.14425,41.754713],[128.097018,41.822616],[128.091023,41.841737],[128.05764,41.84985],[128.047822,41.863983],[128.039967,41.87959],[128.020433,41.965062],[128.021467,41.979816],[128.034593,41.993743],[128.054643,41.998316],[128.100532,41.999091],[128.261969,42.032862],[128.363772,42.02648],[128.387129,42.020692],[128.407593,42.008341],[128.453999,42.010331],[128.488312,41.997515],[128.502368,41.996094],[128.543709,42.008057],[128.553321,42.006636],[128.56438,42.000797],[128.573681,42.004311],[128.587737,42.019994],[128.597556,42.027126],[128.607891,42.030175],[128.682512,42.02573],[128.70928,42.030175],[128.720959,42.04759],[128.817077,42.043869],[128.883172,42.030409],[128.90348,42.026273],[128.940067,42.035368],[128.954847,42.075237],[128.963838,42.088517],[128.985026,42.09291],[129.0089,42.09508],[129.026574,42.101876],[129.053342,42.122856],[129.06347,42.136086],[129.064711,42.153759],[129.088482,42.143191],[129.105535,42.142106],[129.119798,42.149366],[129.148013,42.173706],[129.177675,42.193446],[129.196382,42.209182],[129.204237,42.214324],[129.211162,42.219956],[129.214262,42.225692],[129.209301,42.234684],[129.186874,42.236028],[129.180776,42.243107],[129.18336,42.254554],[129.192145,42.259851],[129.202894,42.262744],[129.211162,42.267008],[129.214779,42.275638],[129.214159,42.283699],[129.216123,42.291063],[129.228008,42.297729],[129.22067,42.303672],[129.212402,42.307755],[129.20372,42.310158],[129.193902,42.310778],[129.193902,42.318245],[129.226148,42.318142],[129.236276,42.323878],[129.242271,42.338735],[129.240307,42.344031],[129.234209,42.346564],[129.228628,42.350207],[129.228008,42.359199],[129.231109,42.367648],[129.23607,42.374366],[129.243098,42.378706],[129.296635,42.387233],[129.303766,42.389584],[129.307073,42.407619],[129.315445,42.422321],[129.326504,42.426765],[129.337872,42.414415],[129.352135,42.420616],[129.343763,42.42922],[129.338596,42.438367],[129.340146,42.445472],[129.352135,42.447953],[129.36309,42.445007],[129.372082,42.432553],[129.386241,42.428109],[129.39544,42.430202],[129.406189,42.435964],[129.418798,42.441054],[129.434094,42.441106],[129.482463,42.41072],[129.488871,42.402555],[129.517086,42.390954],[129.523391,42.383383],[129.526801,42.373074],[129.535173,42.36956],[129.545302,42.371317],[129.55419,42.376872],[129.559461,42.387],[129.560288,42.396793],[129.563182,42.404105],[129.587676,42.411366],[129.594498,42.422218],[129.595634,42.435602],[129.591707,42.447953],[129.633462,42.445421],[129.671185,42.437928],[129.703328,42.442372],[129.728856,42.475858],[129.73361,42.511799],[129.73144,42.550918],[129.736504,42.585154],[129.763066,42.606238],[129.763066,42.612387],[129.74622,42.615514],[129.741569,42.629001],[129.751077,42.642928],[129.776709,42.647191],[129.772264,42.661661],[129.779396,42.670394],[129.787561,42.676854],[129.786527,42.684734],[129.774538,42.693338],[129.76441,42.696852],[129.757588,42.703648],[129.755625,42.722277],[129.757278,42.734705],[129.761309,42.746048],[129.773505,42.766951],[129.789524,42.79248],[129.795002,42.806484],[129.799033,42.836663],[129.834173,42.907485],[129.841511,42.917795],[129.846679,42.928234],[129.847609,42.951281],[129.851743,42.961901],[129.863112,42.96898],[129.893291,42.971538],[129.907037,42.976138],[129.897735,42.978747],[129.890087,42.982804],[129.884092,42.988514],[129.879751,42.996033],[129.890707,42.999418],[129.909207,43.008435],[129.920679,43.01027],[129.934115,43.00841],[129.941556,43.003629],[129.971735,42.973735],[129.981347,42.966732],[129.995713,42.961901],[130.008219,42.960557],[130.047286,42.961901],[130.094312,42.976939],[130.121494,42.981848],[130.133586,42.972727],[130.130485,42.959472],[130.122527,42.943323],[130.111572,42.92906],[130.098756,42.921516],[130.140407,42.907124],[130.193841,42.908209],[130.239006,42.90224],[130.256473,42.866894],[130.24221,42.782015],[130.243037,42.743361],[130.262674,42.708609],[130.317141,42.667397],[130.324789,42.650292],[130.393002,42.606238],[130.403957,42.604067],[130.412742,42.604636],[130.420494,42.604274],[130.427728,42.599365],[130.430002,42.591484],[130.426385,42.572105],[130.431242,42.561512],[130.452533,42.549342],[130.467933,42.554897],[130.471033,42.569754],[130.455117,42.585154],[130.467829,42.600398],[130.484159,42.61001],[130.501419,42.610785],[130.516508,42.599365],[130.519506,42.58859],[130.52519,42.549239],[130.530771,42.53048],[130.542657,42.510533],[130.544517,42.506295],[130.546067,42.495288],[130.549891,42.490379],[130.554749,42.487614],[130.55878,42.482705],[130.575626,42.445731],[130.587408,42.432011],[130.605909,42.420616],[130.628543,42.414802],[130.645803,42.400876],[130.656655,42.383254],[130.660582,42.359199],[130.660272,42.333929],[130.662753,42.32057],[130.672881,42.311139],[130.699962,42.295111],[130.695557,42.289001],[130.667129,42.283092],[130.631577,42.274397],[130.616621,42.272318],[130.603823,42.26326],[130.597544,42.26278],[130.598481,42.280951],[130.597667,42.291938],[130.594981,42.298163],[130.582042,42.307929],[130.569366,42.315259],[130.540501,42.318371],[130.519053,42.327603],[130.51019,42.33578],[130.480684,42.339752],[130.465653,42.334752],[130.469396,42.322075],[130.45646,42.311769],[130.440098,42.309128],[130.431839,42.318125],[130.419159,42.324398],[130.40745,42.324577],[130.406993,42.315741],[130.405854,42.307115],[130.393999,42.299952],[130.384157,42.291195],[130.386322,42.277655],[130.386241,42.270657],[130.391124,42.264106],[130.399262,42.26317],[130.405854,42.26081],[130.406016,42.249579],[130.40089,42.242499],[130.393321,42.244086],[130.378182,42.257855],[130.367992,42.255687],[130.360655,42.243664],[130.369837,42.232011],[130.358829,42.229272],[130.351505,42.216083],[130.335057,42.213999],[130.330645,42.191508],[130.31877,42.18473],[130.307026,42.183154],[130.30816,42.197595],[130.315635,42.218883],[130.307418,42.236295],[130.294182,42.237045],[130.251363,42.205291],[130.228986,42.182452],[130.214936,42.174628],[130.202274,42.173551],[130.204286,42.159644],[130.199311,42.101304],[130.193858,42.100979],[130.185313,42.103909],[130.17392,42.098782],[130.160248,42.08511],[130.163585,42.083482],[130.166596,42.077094],[130.159432,42.072838],[130.150108,42.074103],[130.133198,42.084719],[130.120069,42.090081],[130.092772,42.089811],[130.073041,42.078459],[130.067955,42.059414],[130.067015,42.051899],[130.052222,42.050365],[130.049712,42.042288],[130.044908,42.035976],[130.03647,42.011624],[130.033879,41.995514],[130.026817,41.9927],[130.01495,42.014404],[130.002884,42.010912],[130.001297,41.990466],[129.982188,41.982652],[129.989024,41.978176],[129.994151,41.973049],[130.002696,41.962226],[129.992931,41.959784],[129.985606,41.955268],[129.974864,41.941636],[129.978282,41.943793],[129.975678,41.933987],[129.971039,41.922065],[129.968598,41.917467],[129.964692,41.898749],[129.954438,41.892035],[129.946787,41.894935],[129.937394,41.903898],[129.91362,41.911195],[129.89674,41.904263],[129.890391,41.883002],[129.883393,41.857408],[129.884532,41.824164],[129.869652,41.791457],[129.855171,41.781792],[129.85246,41.764923],[129.842813,41.758783],[129.826546,41.778446],[129.813315,41.777733],[129.77476,41.759417],[129.762787,41.731024],[129.749766,41.696275],[129.741361,41.684018],[129.715019,41.675337],[129.690823,41.649716],[129.683185,41.61772],[129.669409,41.575959],[129.648798,41.549403],[129.660655,41.525946],[129.657723,41.509239],[129.65273,41.494124],[129.659403,41.464647],[129.681678,41.443084],[129.70167,41.428666],[129.714603,41.419646],[129.736056,41.421286],[129.744151,41.406963],[129.758184,41.392594],[129.769298,41.386176],[129.775645,41.385484],[129.791108,41.387763],[129.796641,41.386176],[129.806163,41.376044],[129.805186,41.372789],[129.799897,41.368598],[129.796641,41.355455],[129.794688,41.352281],[129.786876,41.330064],[129.786143,41.324774],[129.770356,41.315131],[129.759125,41.292873],[129.719574,41.166938],[129.711925,41.122626],[129.728282,41.08515],[129.722016,41.071845],[129.719819,41.05622],[129.720795,41.023668],[129.728282,40.978705],[129.732514,40.96894],[129.750824,40.951728],[129.764891,40.944414],[129.755574,40.93897],[129.749229,40.91701],[129.752997,40.90994],[129.734272,40.891102],[129.737343,40.871456],[129.725219,40.847818],[129.716558,40.834586],[129.706087,40.835661],[129.698357,40.845606],[129.68456,40.841829],[129.662852,40.838772],[129.643922,40.841618],[129.626167,40.838312],[129.609803,40.840929],[129.597968,40.838541],[129.571773,40.839716],[129.553941,40.828932],[129.551051,40.810117],[129.531997,40.807277],[129.518081,40.795467],[129.50624,40.792074],[129.476529,40.793878],[129.426954,40.781296],[129.389187,40.76076],[129.351687,40.745343],[129.339756,40.73443],[129.32783,40.718128],[129.31121,40.687472],[129.303233,40.673651],[129.296153,40.676256],[129.286632,40.68358],[129.277917,40.698037],[129.270138,40.70798],[129.253157,40.709132],[129.233482,40.705714],[129.217703,40.696353],[129.212393,40.685952],[129.206426,40.675546],[129.206386,40.670089],[129.206995,40.663632],[129.201709,40.656207],[129.200362,40.650753],[129.197765,40.638007],[129.19337,40.632636],[129.190522,40.622504],[129.18705,40.616535],[129.179165,40.609599],[129.174555,40.60366],[129.173676,40.593451],[129.172618,40.568915],[129.161235,40.565549],[129.155312,40.556635],[129.150899,40.545897],[129.115066,40.511165],[129.077564,40.472565],[129.030116,40.47397],[128.975812,40.459933],[128.899755,40.398165],[128.860532,40.371848],[128.830534,40.367387],[128.813567,40.35498],[128.780974,40.347025],[128.764042,40.34653],[128.752005,40.335095],[128.721645,40.338947],[128.687808,40.331197],[128.669669,40.310771],[128.656655,40.310763],[128.65534,40.320177],[128.636489,40.313217],[128.618948,40.297331],[128.616447,40.271443],[128.628792,40.266009],[128.656722,40.25714],[128.66063,40.247722],[128.66778,40.240309],[128.662599,40.225413],[128.664561,40.201239],[128.650931,40.197148],[128.641847,40.190693],[128.634713,40.184239],[128.628875,40.180266],[128.621732,40.180756],[128.608103,40.185702],[128.588611,40.186673],[128.577607,40.180211],[128.543199,40.166767],[128.536093,40.151375],[128.527681,40.143424],[128.510189,40.135456],[128.479799,40.134749],[128.466266,40.124374],[128.448563,40.1095],[128.434946,40.104002],[128.411388,40.096381],[128.391844,40.099577],[128.364765,40.09689],[128.337765,40.067048],[128.327753,40.028216],[128.302094,40.033433],[128.280132,40.065477],[128.263444,40.077105],[128.236322,40.067904],[128.227837,40.056206],[128.234386,40.029364],[128.225108,40.027574],[128.203217,40.029608],[128.19337,40.029364],[128.182384,40.026109],[128.164317,40.017971],[128.155121,40.016303],[128.146821,40.018297],[128.143565,40.022854],[128.139415,40.02733],[128.006847,40.045152],[128.002289,40.040473],[128.000987,40.025946],[127.997813,40.020413],[127.989757,40.014838],[127.979828,40.010565],[127.970551,40.008857],[127.963715,40.004096],[127.947276,39.981635],[127.940033,39.974758],[127.930268,39.97191],[127.906659,39.983942],[127.891038,39.961225],[127.891263,39.943831],[127.884044,39.902086],[127.874604,39.892808],[127.78183,39.885403],[127.796397,39.875637],[127.794037,39.865668],[127.762438,39.853534],[127.727383,39.857189],[127.69575,39.848201],[127.679629,39.816439],[127.663291,39.806801],[127.648699,39.820897],[127.623749,39.830935],[127.607188,39.810248],[127.593028,39.80622],[127.57602,39.796291],[127.56186,39.784003],[127.549408,39.761054],[127.520844,39.746975],[127.514415,39.738593],[127.512462,39.731106],[127.503754,39.715522],[127.501313,39.707221],[127.50172,39.698472],[127.506358,39.683783],[127.508556,39.660061],[127.512218,39.649482],[127.518565,39.644843],[127.528087,39.645819],[127.552745,39.636786],[127.570323,39.617865],[127.574555,39.595038],[127.53677,39.552012],[127.520439,39.510465],[127.535411,39.443752],[127.562999,39.343736],[127.562104,39.31623],[127.554454,39.305976],[127.543468,39.301947],[127.53183,39.305121],[127.521821,39.31623],[127.5206,39.329413],[127.526947,39.344224],[127.542247,39.371487],[127.507579,39.409247],[127.503998,39.422838],[127.495128,39.433417],[127.482921,39.436998],[127.469981,39.429755],[127.44044,39.407864],[127.43808,39.405178],[127.431,39.397284],[127.425548,39.392524],[127.378429,39.378852],[127.378429,39.371487],[127.389903,39.367011],[127.414073,39.361802],[127.425548,39.357123],[127.437836,39.364244],[127.453868,39.367987],[127.46754,39.363837],[127.473399,39.347561],[127.466807,39.340155],[127.435395,39.334784],[127.425548,39.330471],[127.420258,39.336371],[127.414561,39.340644],[127.408295,39.343248],[127.401378,39.344143],[127.391938,39.341864],[127.39267,39.336412],[127.396983,39.329657],[127.398285,39.323676],[127.386729,39.297187],[127.378429,39.268988],[127.37203,39.240426],[127.382904,39.221991],[127.393403,39.201728],[127.408539,39.193305],[127.420177,39.189195],[127.441254,39.170844],[127.45224,39.165961],[127.471934,39.16828],[127.476085,39.177069],[127.473643,39.187161],[127.473399,39.193305],[127.491303,39.194892],[127.511729,39.15644],[127.531749,39.146145],[127.606944,39.152045],[127.631684,39.146145],[127.643077,39.138577],[127.651703,39.129299],[127.661388,39.121487],[127.675629,39.11815],[127.744151,39.118598],[127.759288,39.117011],[127.769623,39.109198],[127.792572,39.077541],[127.823741,39.043036],[127.830333,39.032864],[127.836518,39.0185],[127.851573,39.00141],[127.885509,38.974189],[127.888682,38.961371],[127.892914,38.957465],[127.902192,38.963935],[127.908702,38.96719],[127.914317,38.964179],[127.918224,38.95775],[127.921479,38.942328],[127.92628,38.934475],[127.933849,38.928656],[127.943614,38.926418],[127.961762,38.917914],[127.995453,38.875312],[128.014659,38.85814],[128.091156,38.843736],[128.210216,38.727729],[128.225108,38.732327],[128.270356,38.751654],[128.282807,38.755072],[128.313243,38.717231],[128.321056,38.711412],[128.338145,38.703559],[128.347667,38.696723],[128.35963,38.678656],[128.359955,38.675362],[128.361339,38.660712],[128.360362,38.642768],[128.364594,38.624742],[128.364919,38.624335]]],[[[124.926741,39.604786],[124.922227,39.598289],[124.909674,39.593554],[124.920254,39.572278],[124.933609,39.550543],[124.912092,39.540803],[124.883182,39.52747],[124.861664,39.507636],[124.842656,39.505162],[124.818563,39.495444],[124.836927,39.520939],[124.849816,39.516534],[124.85697,39.527899],[124.842773,39.538426],[124.845007,39.543176],[124.856588,39.544228],[124.85705,39.548303],[124.859738,39.553139],[124.85441,39.556577],[124.854475,39.573754],[124.870522,39.580934],[124.869706,39.595657],[124.881769,39.603869],[124.880471,39.612455],[124.899193,39.614124],[124.926741,39.604786]]],[[[124.883474,38.528551],[124.900401,38.505316],[124.903982,38.494371],[124.861095,38.503852],[124.840831,38.510688],[124.822032,38.522366],[124.79949,38.50849],[124.790294,38.517401],[124.794444,38.533922],[124.832205,38.553046],[124.844249,38.555162],[124.849376,38.545885],[124.865733,38.54149],[124.877208,38.536322],[124.883474,38.528551]]],[[[125.328787,37.766669],[125.337738,37.768704],[125.312755,37.7414],[125.295746,37.727607],[125.269379,37.714097],[125.260997,37.707424],[125.246837,37.699856],[125.226329,37.696357],[125.220551,37.703762],[125.250173,37.731676],[125.264334,37.737209],[125.274587,37.733832],[125.27711,37.740465],[125.27947,37.749416],[125.284841,37.749498],[125.287446,37.750678],[125.288748,37.753648],[125.292735,37.755439],[125.299327,37.756171],[125.328787,37.766669]]],[[[125.147716,37.78559],[125.142833,37.794135],[125.141368,37.799506],[125.146495,37.802232],[125.166189,37.813707],[125.183849,37.818834],[125.188487,37.819078],[125.191417,37.815497],[125.192882,37.811103],[125.190278,37.809027],[125.185069,37.808173],[125.171723,37.797187],[125.156261,37.786689],[125.147716,37.78559]]],[[[125.030447,37.836168],[125.040782,37.834459],[125.044607,37.824612],[125.041759,37.817288],[125.039561,37.817613],[125.036388,37.81745],[125.025645,37.808295],[125.01588,37.80565],[125.005056,37.805569],[124.997732,37.808417],[124.997813,37.813056],[125.002615,37.815416],[125.006847,37.819281],[125.011974,37.821845],[125.019054,37.820299],[125.025401,37.817857],[125.028494,37.818834],[125.02947,37.822984],[125.030121,37.8251],[125.027843,37.830024],[125.030447,37.836168]]],[[[124.687673,39.527167],[124.69362,39.535079],[124.704708,39.537076],[124.707779,39.530399],[124.707746,39.519317],[124.704845,39.508734],[124.697765,39.50259],[124.684587,39.503243],[124.680149,39.507726],[124.683769,39.516094],[124.681974,39.52118],[124.687673,39.527167]]],[[[124.687022,39.544745],[124.675548,39.53852],[124.661632,39.538398],[124.644786,39.547675],[124.603526,39.53852],[124.600352,39.5362],[124.595876,39.537909],[124.597423,39.544582],[124.604666,39.549262],[124.614268,39.553412],[124.63087,39.56509],[124.63502,39.563951],[124.648774,39.565253],[124.673839,39.570624],[124.691254,39.569648],[124.69809,39.562893],[124.695649,39.553778],[124.687022,39.544745]]],[[[124.596039,39.430243],[124.59311,39.439032],[124.592865,39.446804],[124.601736,39.449327],[124.612559,39.457139],[124.614431,39.449205],[124.615082,39.447496],[124.617849,39.444281],[124.61907,39.43301],[124.606619,39.428046],[124.602061,39.427395],[124.596039,39.430243]]],[[[124.214651,39.807242],[124.219273,39.810922],[124.217575,39.814864],[124.220272,39.81526],[124.223116,39.816788],[124.220994,39.818974],[124.223426,39.819987],[124.227065,39.821298],[124.230017,39.821172],[124.231896,39.819199],[124.234433,39.817628],[124.235861,39.813482],[124.239887,39.812623],[124.239586,39.809831],[124.239561,39.807657],[124.242788,39.807321],[124.242751,39.804633],[124.241627,39.801856],[124.237835,39.800967],[124.23526,39.798386],[124.23039,39.798261],[124.227397,39.79464],[124.226015,39.791423],[124.223189,39.791557],[124.221201,39.79384],[124.216098,39.794711],[124.211662,39.795157],[124.211533,39.795573],[124.211316,39.799505],[124.212588,39.804049],[124.214651,39.807242]]]]}},{"type":"Feature","properties":{"code":"RUS","name":"Russia"},"geometry":{"type":"MultiPolygon","coordinates":[[[[138.54339891532314,47],[138.53476,46.98664],[138.513276,46.940823],[138.500011,46.895453],[138.50351,46.876207],[138.501557,46.866156],[138.490001,46.861884],[138.484386,46.857978],[138.40976,46.780951],[138.396983,46.758857],[138.366303,46.687812],[138.35963,46.676337],[138.349132,46.664252],[138.349132,46.637152],[138.356456,46.594387],[138.344574,46.548733],[138.312836,46.523139],[138.232432,46.484565],[138.202403,46.454332],[138.113048,46.289496],[138.107188,46.244859],[138.100352,46.227973],[138.034028,46.155951],[138.009613,46.136461],[137.989024,46.128241],[137.978852,46.126166],[137.965587,46.121039],[137.952891,46.114407],[137.944428,46.107815],[137.941173,46.100287],[137.941173,46.082506],[137.938243,46.073635],[137.924164,46.060981],[137.884369,46.034247],[137.868256,46.00849],[137.782074,45.94599],[137.766612,45.929511],[137.75294,45.896552],[137.704682,45.854478],[137.685802,45.815334],[137.671479,45.794623],[137.638682,45.779039],[137.524425,45.689358],[137.494965,45.6789],[137.396739,45.623928],[137.335948,45.570624],[137.266205,45.485907],[137.256358,45.477118],[137.236664,45.472602],[137.219493,45.461005],[137.144542,45.374661],[137.125743,45.367336],[137.103282,45.363756],[137.082774,45.355211],[136.926362,45.254381],[136.825531,45.204088],[136.810802,45.193183],[136.800304,45.175279],[136.788585,45.128119],[136.78004,45.107856],[136.760753,45.087877],[136.718516,45.067369],[136.700938,45.056342],[136.698009,45.052558],[136.691417,45.041164],[136.690522,45.038967],[136.684337,45.037909],[136.669444,45.040229],[136.663341,45.038967],[136.656505,45.033393],[136.577647,44.952948],[136.571625,44.950263],[136.564789,44.949652],[136.558197,44.94831],[136.553477,44.943345],[136.553071,44.937893],[136.555186,44.931952],[136.558116,44.928127],[136.560313,44.929104],[136.558116,44.918443],[136.556651,44.902045],[136.553477,44.894965],[136.51588,44.875067],[136.510265,44.869696],[136.498302,44.845771],[136.488292,44.840277],[136.478038,44.839301],[136.467621,44.836615],[136.458018,44.832261],[136.450287,44.826646],[136.447276,44.818061],[136.443614,44.785102],[136.426117,44.77265],[136.408458,44.776679],[136.388682,44.786811],[136.364757,44.792548],[136.354584,44.788804],[136.349946,44.779853],[136.346934,44.7685],[136.341075,44.757758],[136.334972,44.752753],[136.326996,44.748847],[136.317638,44.745998],[136.306977,44.744086],[136.312022,44.733222],[136.321137,44.725002],[136.329845,44.718655],[136.333751,44.71369],[136.328868,44.707343],[136.317719,44.701809],[136.305431,44.697821],[136.274506,44.692939],[136.260753,44.68358],[136.235362,44.651679],[136.227306,44.631049],[136.233165,44.586086],[136.228119,44.569729],[136.219005,44.565375],[136.208832,44.564195],[136.200531,44.560533],[136.19516,44.538967],[136.186046,44.521145],[136.184093,44.515082],[136.165294,44.496527],[136.122569,44.475531],[136.046397,44.449897],[136.034028,44.450832],[136.009044,44.456936],[135.998546,44.456122],[135.993175,44.451972],[135.98935,44.440579],[135.984874,44.435614],[135.950938,44.420111],[135.908214,44.409613],[135.888682,44.401516],[135.88087,44.393744],[135.872081,44.38227],[135.862153,44.371894],[135.837901,44.362698],[135.835704,44.351711],[135.840831,44.329495],[135.834565,44.311225],[135.819428,44.290595],[135.786225,44.258124],[135.766938,44.250434],[135.742279,44.24494],[135.720958,44.236558],[135.711762,44.220282],[135.704845,44.198391],[135.688487,44.187161],[135.669932,44.179592],[135.655854,44.168687],[135.65089,44.15762],[135.649425,44.145697],[135.65211,44.134101],[135.659272,44.12401],[135.659679,44.116441],[135.653087,44.106024],[135.63852,44.089301],[135.62851,44.068549],[135.628429,44.052191],[135.624034,44.038479],[135.601329,44.025377],[135.560883,44.01439],[135.54127,44.003974],[135.53297,43.987209],[135.53419,43.967841],[135.53297,43.962633],[135.529877,43.959784],[135.525157,43.957831],[135.518809,43.956488],[135.511974,43.921698],[135.505382,43.931708],[135.493175,43.943915],[135.478282,43.951972],[135.463634,43.949652],[135.458751,43.938178],[135.466401,43.925482],[135.472667,43.911119],[135.463634,43.894436],[135.47934,43.893988],[135.48463,43.894436],[135.48463,43.887519],[135.480805,43.877997],[135.490001,43.878648],[135.518809,43.887519],[135.518809,43.880764],[135.487885,43.832709],[135.474376,43.825507],[135.472504,43.818101],[135.429291,43.778306],[135.429535,43.771308],[135.425792,43.76317],[135.417735,43.758979],[135.390147,43.754828],[135.381358,43.747463],[135.375092,43.738349],[135.367931,43.729926],[135.359223,43.722317],[135.354991,43.719468],[135.33961,43.715399],[135.331147,43.716457],[135.323253,43.716539],[135.316417,43.712836],[135.309174,43.706773],[135.285411,43.691881],[135.275401,43.688951],[135.259776,43.693752],[135.256358,43.704535],[135.258067,43.716254],[135.258067,43.7237],[135.24936,43.729438],[135.235606,43.734076],[135.223237,43.732611],[135.217621,43.719957],[135.210216,43.71369],[135.182221,43.710639],[135.183604,43.703192],[135.196056,43.696479],[135.208832,43.695461],[135.220958,43.69302],[135.230724,43.682115],[135.226817,43.682196],[135.224864,43.668362],[135.223888,43.644599],[135.219574,43.634955],[135.210216,43.630439],[135.200776,43.627834],[135.196544,43.624091],[135.176117,43.593329],[135.17213,43.583564],[135.167247,43.566555],[135.162446,43.55858],[135.153901,43.551256],[135.144867,43.546129],[135.13795,43.539496],[135.135265,43.527899],[135.136241,43.52497],[135.138682,43.523098],[135.14088,43.520168],[135.1421,43.514228],[135.139903,43.508368],[135.135265,43.505601],[135.130626,43.50373],[135.128429,43.500556],[135.115326,43.500678],[135.056163,43.488105],[134.974701,43.45954],[134.963878,43.45246],[134.956391,43.436347],[134.938324,43.426988],[134.895518,43.415229],[134.873546,43.404975],[134.835704,43.379706],[134.770274,43.315253],[134.750987,43.305365],[134.728038,43.312567],[134.702891,43.304185],[134.680186,43.288764],[134.665294,43.274319],[134.656016,43.267239],[134.633637,43.261542],[134.621186,43.256985],[134.613129,43.251125],[134.59726,43.236029],[134.587169,43.22899],[134.560069,43.234809],[134.530365,43.220364],[134.477306,43.18183],[134.430431,43.157904],[134.409434,43.152167],[134.375824,43.138495],[134.357432,43.125556],[134.347911,43.121568],[134.337901,43.120429],[134.321381,43.127387],[134.314545,43.123481],[134.305919,43.113593],[134.255219,43.095526],[134.240733,43.092475],[134.223888,43.090806],[134.207856,43.08633],[134.193696,43.079779],[134.182384,43.071967],[134.178315,43.066596],[134.176036,43.054877],[134.171886,43.048041],[134.165375,43.044338],[134.14796,43.040188],[134.14088,43.037258],[134.129649,43.024604],[134.120372,43.008979],[134.10849,42.995673],[134.069835,42.985053],[134.049571,42.973293],[133.926768,42.882717],[133.910655,42.879828],[133.896251,42.884914],[133.871349,42.899319],[133.864513,42.90119],[133.850352,42.900702],[133.83961,42.89761],[133.818451,42.883938],[133.794281,42.876695],[133.729991,42.845445],[133.723969,42.825181],[133.717296,42.816636],[133.706309,42.822455],[133.677745,42.848822],[133.671641,42.852851],[133.642914,42.853827],[133.633637,42.852851],[133.614106,42.846381],[133.604991,42.846259],[133.593354,42.852851],[133.589447,42.842475],[133.584972,42.835639],[133.579194,42.830756],[133.572276,42.826239],[133.551768,42.818752],[133.545502,42.819729],[133.524425,42.826239],[133.511974,42.821723],[133.50766,42.816962],[133.505138,42.811428],[133.497813,42.804429],[133.488048,42.799954],[133.468028,42.793199],[133.444347,42.77912],[133.420177,42.77143],[133.377452,42.763495],[133.31837,42.765815],[133.298595,42.763495],[133.237397,42.743964],[133.222911,42.736233],[133.193696,42.706773],[133.177745,42.693793],[133.157725,42.688422],[133.062022,42.688422],[133.03769,42.691392],[133.024425,42.699368],[133.013438,42.710354],[132.996349,42.722561],[133.008637,42.727851],[133.026866,42.739651],[133.038422,42.742987],[133.05185,42.741197],[133.066173,42.737372],[133.076671,42.738105],[133.078868,42.749823],[133.067393,42.762844],[133.043224,42.779608],[132.996349,42.804429],[133.006602,42.815497],[133.010509,42.818752],[132.989757,42.826972],[132.963227,42.826077],[132.911632,42.818752],[132.900483,42.815579],[132.890391,42.808498],[132.887462,42.801459],[132.89796,42.798285],[132.900157,42.793931],[132.887706,42.763495],[132.875336,42.755927],[132.865001,42.748114],[132.852306,42.746487],[132.833018,42.749823],[132.815929,42.756415],[132.805186,42.765815],[132.791515,42.790839],[132.798432,42.808417],[132.791108,42.820502],[132.775401,42.828111],[132.757335,42.832424],[132.766368,42.851793],[132.773692,42.875067],[132.774425,42.895901],[132.763438,42.908149],[132.739757,42.907172],[132.703705,42.87873],[132.681651,42.873358],[132.68629,42.868842],[132.691173,42.862738],[132.695323,42.859687],[132.683197,42.855699],[132.637218,42.859687],[132.618907,42.859198],[132.608165,42.856838],[132.600108,42.85163],[132.589122,42.842353],[132.577891,42.840399],[132.564708,42.846259],[132.544444,42.859687],[132.517833,42.865953],[132.510509,42.871405],[132.503429,42.88703],[132.503429,42.900092],[132.50587,42.913642],[132.502696,42.924302],[132.486095,42.928616],[132.428315,42.935981],[132.413341,42.941107],[132.404389,42.942288],[132.397065,42.939358],[132.395274,42.932766],[132.3956,42.925767],[132.394135,42.92178],[132.366303,42.915676],[132.354259,42.910834],[132.345795,42.900702],[132.35019,42.896633],[132.355317,42.887519],[132.360118,42.880805],[132.355235,42.875067],[132.353526,42.870266],[132.355235,42.865465],[132.360118,42.859687],[132.348399,42.854926],[132.325694,42.851467],[132.31837,42.845445],[132.311534,42.845445],[132.289317,42.882717],[132.28769,42.890448],[132.294526,42.902777],[132.295665,42.917548],[132.291108,42.949123],[132.299571,42.997138],[132.30128,43.023912],[132.291108,43.044623],[132.303233,43.053168],[132.304942,43.064032],[132.299815,43.075507],[132.291108,43.085639],[132.307465,43.086615],[132.320567,43.094184],[132.325694,43.106269],[132.31837,43.120429],[132.324799,43.122952],[132.333751,43.130194],[132.33961,43.134019],[132.332774,43.138332],[132.325938,43.140855],[132.327485,43.148993],[132.327647,43.1706],[132.329112,43.174994],[132.339366,43.173651],[132.348155,43.171454],[132.356537,43.170966],[132.366954,43.174994],[132.381684,43.19123],[132.376069,43.204739],[132.358979,43.215522],[132.317149,43.23135],[132.307709,43.238186],[132.308442,43.247016],[132.316742,43.251899],[132.340668,43.261542],[132.345795,43.267157],[132.349213,43.279202],[132.354828,43.282538],[132.356212,43.285956],[132.345795,43.297919],[132.314952,43.31566],[132.305431,43.319037],[132.289561,43.312567],[132.281993,43.27851],[132.260509,43.270575],[132.253998,43.266506],[132.242524,43.24551],[132.235932,43.236518],[132.226654,43.229804],[132.136811,43.191636],[132.116466,43.188666],[132.095958,43.180976],[132.07545,43.163031],[132.0442,43.127265],[132.029633,43.116523],[131.991303,43.095852],[131.972016,43.082506],[131.95224,43.071967],[131.929942,43.069566],[131.907237,43.074408],[131.886485,43.085639],[131.896251,43.095364],[131.90797,43.10106],[131.917247,43.107856],[131.920665,43.120429],[131.870942,43.090318],[131.859141,43.085639],[131.847179,43.089911],[131.849864,43.100491],[131.879405,43.137397],[131.900157,43.18183],[131.911713,43.197577],[131.923676,43.207831],[131.958588,43.229926],[131.978038,43.235541],[131.996837,43.238715],[132.000499,43.244534],[132.001964,43.252183],[132.006602,43.260321],[132.044932,43.286444],[132.051524,43.297919],[132.052013,43.314765],[132.044444,43.324368],[132.031016,43.325141],[132.014008,43.315619],[132.00351,43.299506],[131.999848,43.284084],[131.992035,43.273098],[131.968354,43.270575],[131.978119,43.29206],[131.956798,43.305854],[131.895274,43.31863],[131.884776,43.317776],[131.856944,43.307318],[131.846039,43.305365],[131.832042,43.309882],[131.82602,43.317939],[131.828136,43.326402],[131.838634,43.332709],[131.826671,43.337958],[131.815684,43.336737],[131.807628,43.330959],[131.804535,43.322089],[131.799327,43.315863],[131.774181,43.302069],[131.764252,43.291693],[131.756358,43.263739],[131.756847,43.242499],[131.750499,43.225287],[131.722667,43.209784],[131.722667,43.202338],[131.74171,43.201483],[131.758311,43.19538],[131.763927,43.185858],[131.749848,43.174994],[131.730724,43.17414],[131.71754,43.184475],[131.706635,43.196845],[131.694672,43.202338],[131.683849,43.199286],[131.679535,43.193671],[131.677826,43.187323],[131.674164,43.18183],[131.651134,43.169623],[131.646983,43.16885],[131.651459,43.155992],[131.666759,43.156887],[131.684093,43.165229],[131.694672,43.174994],[131.68336,43.148505],[131.664887,43.12519],[131.586762,43.049954],[131.562999,43.038316],[131.563731,43.02383],[131.567638,43.007554],[131.564952,42.996283],[131.547862,42.993109],[131.53297,43.002265],[131.51767,43.009345],[131.499522,42.999986],[131.491954,42.98432],[131.494884,42.970608],[131.49936,42.957099],[131.496104,42.942288],[131.491954,42.944892],[131.477306,42.941962],[131.455089,42.93476],[131.438243,42.934149],[131.429942,42.935045],[131.405528,42.950629],[131.393891,42.945014],[131.38795,42.930121],[131.386241,42.914293],[131.406342,42.910061],[131.410737,42.900946],[131.400401,42.873358],[131.458995,42.884426],[131.471934,42.883938],[131.47169,42.873236],[131.456147,42.863837],[131.436371,42.85578],[131.409028,42.839342],[131.378917,42.831122],[131.365733,42.818752],[131.360362,42.806627],[131.35963,42.794257],[131.363617,42.782172],[131.352017,42.774328],[131.300134,42.793277],[131.273127,42.777331],[131.257069,42.751561],[131.246896,42.732534],[131.236447,42.706644],[131.249604,42.694566],[131.251801,42.690823],[131.261078,42.688056],[131.263276,42.685004],[131.262299,42.681098],[131.258067,42.675238],[131.257091,42.671332],[131.254161,42.668199],[131.247081,42.667304],[131.232677,42.667914],[131.224213,42.66059],[131.216563,42.644192],[131.209017,42.636295],[131.209784,42.622613],[131.203483,42.619063],[131.201182,42.614025],[131.20801,42.608522],[131.224301,42.604926],[131.228736,42.597125],[131.22797,42.591676],[131.23409,42.588854],[131.234047,42.587262],[131.21805,42.586132],[131.212751,42.583939],[131.224376,42.570624],[131.22156,42.566304],[131.219547,42.554712],[131.213275,42.551393],[131.203751,42.557244],[131.19456,42.558967],[131.185346,42.55955],[131.179637,42.564003],[131.17099,42.572943],[131.167003,42.575629],[131.167003,42.585395],[131.171153,42.585273],[131.179197,42.594382],[131.18065,42.605205],[131.158494,42.601305],[131.143565,42.612698],[131.126903,42.617256],[131.127415,42.64681],[131.120347,42.66719],[131.105701,42.668348],[131.092886,42.654888],[131.087027,42.640375],[131.073578,42.638861],[131.034434,42.645209],[130.994884,42.640692],[130.95248,42.627798],[130.931163,42.60692],[130.914317,42.601508],[130.889659,42.599595],[130.872569,42.603949],[130.832506,42.625775],[130.815478,42.634172],[130.838587,42.642995],[130.862876,42.640816],[130.889481,42.638612],[130.911513,42.616826],[130.93214,42.618354],[130.944591,42.631171],[130.949714,42.653123],[130.931781,42.657509],[130.899445,42.654631],[130.881525,42.658988],[130.847833,42.661317],[130.803441,42.651151],[130.786981,42.653764],[130.795947,42.66285],[130.832042,42.674058],[130.83701,42.691592],[130.825457,42.699322],[130.801786,42.696845],[130.781866,42.690282],[130.769298,42.681586],[130.745349,42.681096],[130.734667,42.691689],[130.720758,42.700025],[130.693526,42.68545],[130.65667,42.66408],[130.660789,42.643185],[130.683442,42.643541],[130.732921,42.615546],[130.736908,42.607245],[130.729503,42.579169],[130.754649,42.597235],[130.763031,42.599595],[130.774181,42.596829],[130.778087,42.591132],[130.779552,42.584662],[130.783539,42.579169],[130.842133,42.558539],[130.851817,42.547797],[130.854991,42.539252],[130.86964,42.535468],[130.872895,42.527655],[130.870209,42.517971],[130.864594,42.517279],[130.859711,42.521064],[130.85849,42.524563],[130.850597,42.520006],[130.846446,42.520697],[130.843028,42.519761],[130.838145,42.51024],[130.83839,42.506293],[130.843761,42.493964],[130.844981,42.486314],[130.838715,42.472357],[130.823253,42.465033],[130.80421,42.462348],[130.786632,42.461859],[130.780772,42.453437],[130.763031,42.400377],[130.75275,42.380777],[130.743194,42.353687],[130.734805,42.337598],[130.703603,42.295241],[130.699962,42.295111],[130.672881,42.311139],[130.662753,42.32057],[130.660272,42.333929],[130.660582,42.359199],[130.656655,42.383254],[130.645803,42.400876],[130.628543,42.414802],[130.605909,42.420616],[130.587408,42.432011],[130.575626,42.445731],[130.55878,42.482705],[130.554749,42.487614],[130.549891,42.490379],[130.546067,42.495288],[130.544517,42.506295],[130.542657,42.510533],[130.530771,42.53048],[130.567565,42.552753],[130.584515,42.568901],[130.584308,42.5989],[130.571906,42.621818],[130.551132,42.645615],[130.52674,42.665769],[130.503899,42.67781],[130.47434,42.67905],[130.438064,42.675303],[130.40375,42.677551],[130.379669,42.696671],[130.407161,42.735377],[130.49098,42.780827],[130.586478,42.817258],[130.64911,42.828937],[130.730966,42.825888],[130.734893,42.824493],[130.748019,42.83749],[130.756804,42.853277],[130.769516,42.865808],[130.794321,42.869064],[130.816542,42.864051],[130.856229,42.849763],[130.992448,42.848729],[130.99958,42.858755],[131.001957,42.873301],[131.008778,42.886892],[131.023868,42.896272],[131.039474,42.898003],[131.073994,42.896582],[131.103036,42.910431],[131.099315,42.935442],[131.082779,42.965234],[131.074304,42.993398],[131.075234,43.019597],[131.078335,43.031819],[131.085466,43.042103],[131.094044,43.046831],[131.112441,43.051869],[131.119882,43.059001],[131.122983,43.067734],[131.124017,43.075356],[131.1266,43.082384],[131.134352,43.089335],[131.169388,43.107809],[131.183961,43.120806],[131.189852,43.139151],[131.184891,43.156333],[131.17497,43.1684],[131.167218,43.181551],[131.169078,43.201705],[131.178587,43.217389],[131.193056,43.230799],[131.225509,43.251935],[131.237705,43.265836],[131.242046,43.283767],[131.242459,43.321414],[131.247937,43.344203],[131.257755,43.355727],[131.269641,43.364744],[131.280906,43.380221],[131.281836,43.393141],[131.277806,43.438487],[131.274292,43.451199],[131.261683,43.463834],[131.252848,43.469169],[131.166908,43.521066],[131.160707,43.53277],[131.165668,43.549023],[131.185718,43.574447],[131.192023,43.588633],[131.190783,43.595893],[131.182411,43.614031],[131.180241,43.623023],[131.181481,43.629844],[131.187269,43.647983],[131.187992,43.656665],[131.185408,43.666328],[131.17745,43.684466],[131.175073,43.693768],[131.17497,43.701468],[131.177863,43.725498],[131.170319,43.781101],[131.172799,43.799111],[131.19285,43.860244],[131.217344,43.908484],[131.218378,43.925873],[131.207939,43.959488],[131.206699,43.974785],[131.2129,43.993233],[131.213107,44.006876],[131.217758,44.016074],[131.235328,44.031112],[131.251554,44.041551],[131.261476,44.046098],[131.264473,44.054211],[131.165151,44.36812],[131.065829,44.682028],[131.021387,44.746882],[131.007538,44.757321],[130.971571,44.775614],[130.930127,44.824965],[130.933434,44.841708],[130.971571,44.854059],[130.990278,44.854162],[131.008261,44.856281],[131.024798,44.862431],[131.038854,44.874575],[131.042058,44.882481],[131.041128,44.897777],[131.045365,44.905426],[131.051566,44.909043],[131.095801,44.91912],[131.110064,44.919533],[131.123603,44.915606],[131.14045,44.906821],[131.15802,44.901705],[131.17652,44.90341],[131.244629,44.922169],[131.258995,44.928163],[131.299923,44.956482],[131.313152,44.963665],[131.329482,44.967644],[131.350359,44.968006],[131.419502,44.958962],[131.433765,44.961288],[131.442964,44.971313],[131.452162,44.983715],[131.465701,44.993224],[131.471489,44.996634],[131.609052,45.089704],[131.6198,45.103656],[131.622384,45.123655],[131.604917,45.147426],[131.605227,45.164635],[131.615149,45.184943],[131.627758,45.198483],[131.644502,45.206441],[131.666929,45.209593],[131.711268,45.208663],[131.723153,45.215329],[131.785268,45.304729],[131.818031,45.33279],[131.853068,45.337596],[131.870741,45.32633],[131.880456,45.309897],[131.888414,45.291138],[131.900403,45.272897],[131.914563,45.260133],[131.931512,45.248712],[131.949909,45.23972],[131.968823,45.233984],[131.96965,45.233829],[132.404714,45.146496],[132.839777,45.059163],[132.92122,45.027899],[132.953362,45.024385],[132.966178,45.028881],[132.992636,45.048466],[133.023849,45.058336],[133.049687,45.081746],[133.073355,45.090634],[133.09878,45.10779],[133.11542,45.123035],[133.121517,45.131252],[133.125238,45.141328],[133.127202,45.155384],[133.120691,45.183445],[133.106531,45.214709],[133.09754,45.243544],[133.106738,45.264628],[133.10188,45.287211],[133.127202,45.385086],[133.128752,45.40276],[133.133196,45.419606],[133.140224,45.435419],[133.179808,45.493813],[133.189214,45.504149],[133.202133,45.51128],[133.24089,45.523269],[133.271689,45.528437],[133.298871,45.542079],[133.33029,45.549262],[133.362536,45.567917],[133.374835,45.573085],[133.413489,45.573343],[133.425168,45.580423],[133.415143,45.600422],[133.427649,45.615253],[133.442015,45.620627],[133.458448,45.622643],[133.477258,45.627707],[133.47178,45.632461],[133.462168,45.644037],[133.456691,45.648791],[133.482839,45.662899],[133.491521,45.673389],[133.4878,45.68667],[133.476638,45.693594],[133.451626,45.699176],[133.443048,45.709666],[133.47085,45.728889],[133.484906,45.768474],[133.511364,45.778551],[133.503406,45.787646],[133.483769,45.796586],[133.477258,45.805836],[133.477258,45.820098],[133.484906,45.828418],[133.494001,45.833328],[133.498342,45.837203],[133.502683,45.862008],[133.514362,45.879268],[133.531622,45.888156],[133.552292,45.888415],[133.559113,45.885211],[133.564074,45.88056],[133.570069,45.876426],[133.579681,45.874772],[133.585882,45.876322],[133.586089,45.879836],[133.584435,45.884125],[133.586502,45.888415],[133.603038,45.898647],[133.606139,45.905106],[133.606966,45.919472],[133.610066,45.929807],[133.617611,45.936267],[133.62774,45.937766],[133.649857,45.927844],[133.658125,45.93451],[133.694816,46.022773],[133.720034,46.063753],[133.71931,46.079307],[133.696366,46.115016],[133.687374,46.141836],[133.698743,46.149019],[133.720034,46.150207],[133.741014,46.159044],[133.766026,46.177958],[133.775121,46.186691],[133.781735,46.196716],[133.78649,46.20669],[133.793518,46.214286],[133.80623,46.217387],[133.812948,46.214183],[133.821216,46.200127],[133.830105,46.196871],[133.836616,46.200437],[133.852842,46.217542],[133.860904,46.223588],[133.855323,46.236559],[133.869585,46.244517],[133.890049,46.250821],[133.902452,46.258986],[133.901935,46.278055],[133.89408,46.291336],[133.89377,46.301878],[133.915991,46.312988],[133.906999,46.322471],[133.896354,46.327199],[133.885192,46.326579],[133.874443,46.319784],[133.863384,46.339291],[133.880851,46.353658],[133.926016,46.371305],[133.933871,46.390761],[133.921469,46.41014],[133.900281,46.426573],[133.881884,46.437115],[133.870412,46.440474],[133.861524,46.441042],[133.854393,46.44466],[133.847778,46.456985],[133.845814,46.470653],[133.849328,46.480291],[133.89191,46.52897],[133.896354,46.538194],[133.898834,46.563257],[133.902452,46.573644],[133.920332,46.590336],[133.967357,46.611187],[133.988028,46.625166],[133.998498,46.637704],[134.005288,46.645836],[134.014796,46.665034],[134.025855,46.710819],[134.041771,46.752703],[134.044665,46.772004],[134.03588,46.7896],[134.021411,46.806136],[134.016657,46.819469],[134.020481,46.834042],[134.062752,46.906854],[134.066989,46.926801],[134.066989,46.96778],[134.06916,46.981242],[134.074121,46.988141],[134.080839,46.992688],[134.08735,46.998812],[134.08791007887856,47]]],[[[131.920095,43.019517],[131.922537,43.008938],[131.924001,43.005845],[131.920909,42.996283],[131.91505,42.98428],[131.883311,42.960761],[131.83725,42.961127],[131.790538,42.974555],[131.757009,42.990058],[131.791189,42.996283],[131.774587,43.005316],[131.769379,43.015367],[131.773448,43.021186],[131.784353,43.017401],[131.791189,43.017401],[131.787364,43.034369],[131.783865,43.040107],[131.777517,43.044623],[131.798839,43.052639],[131.819672,43.049262],[131.840099,43.041693],[131.859386,43.037258],[131.859386,43.044623],[131.826508,43.065172],[131.854991,43.061347],[131.875743,43.051011],[131.892263,43.035834],[131.920909,43.024156],[131.920095,43.019517]]],[[[143,47],[143,46.59392896499417],[142.997732,46.594143],[142.963878,46.602607],[142.933767,46.614895],[142.905772,46.605292],[142.82781,46.592963],[142.796641,46.594387],[142.772227,46.609768],[142.754893,46.638251],[142.735118,46.697414],[142.730317,46.729397],[142.72462,46.74079],[142.710948,46.745185],[142.70045,46.742092],[142.690929,46.727932],[142.683604,46.724758],[142.652599,46.724758],[142.618419,46.718573],[142.529063,46.683783],[142.457205,46.630805],[142.406505,46.553656],[142.324229,46.388983],[142.281912,46.32746],[142.275727,46.309516],[142.274181,46.300116],[142.262218,46.266059],[142.249034,46.192043],[142.248546,46.18008],[142.246349,46.168362],[142.237071,46.148993],[142.234874,46.138821],[142.228038,46.117987],[142.214366,46.098619],[142.203868,46.079657],[142.206879,46.060004],[142.202973,46.051947],[142.201671,46.030666],[142.196951,46.021796],[142.189464,46.018785],[142.133067,46.006171],[142.119965,45.992174],[142.111339,45.950751],[142.094249,45.902777],[142.085297,45.900824],[142.073253,45.909857],[142.053233,45.915961],[142.039806,45.924302],[142.001475,45.978013],[141.942068,46.024359],[141.932628,46.035793],[141.936046,46.099555],[141.899099,46.27912],[141.884776,46.318752],[141.837576,46.415595],[141.827403,46.450344],[141.81422,46.538398],[141.817149,46.580756],[141.822276,46.602281],[141.826671,46.609931],[141.840099,46.62637],[141.848643,46.644761],[141.865896,46.670478],[141.885427,46.731594],[142.02810666751006,47]]],[[[132.44988,42.828111],[132.467459,42.81094],[132.477712,42.8039],[132.475597,42.800238],[132.467133,42.79682],[132.458263,42.798285],[132.45338,42.800971],[132.447276,42.807318],[132.439464,42.817532],[132.429861,42.826483],[132.417491,42.830024],[132.406423,42.828762],[132.401541,42.831977],[132.400076,42.841702],[132.399669,42.852118],[132.404633,42.859117],[132.413259,42.864447],[132.418468,42.879869],[132.427501,42.895901],[132.43922,42.892035],[132.447276,42.876776],[132.453624,42.860907],[132.448985,42.845404],[132.44988,42.828111]]]]}},{"type":"Feature","properties":{"code":"TWN","name":"Taiwan"},"geometry":{"type":"MultiPolygon","coordinates":[]}},{"type":"Feature","properties":{"code":"JPN","name":"Japan"},"geometry":{"type":"MultiPolygon","coordinates":[[[[129.783214,31.799628],[129.790863,31.78441],[129.798595,31.763658],[129.799571,31.745429],[129.786388,31.737616],[129.776134,31.729478],[129.74171,31.676174],[129.72934,31.644232],[129.719249,31.637356],[129.695977,31.621447],[129.677694,31.6297],[129.659374,31.641935],[129.655381,31.659785],[129.676298,31.666966],[129.690603,31.700198],[129.716645,31.730373],[129.7317,31.737616],[129.753591,31.743801],[129.767751,31.759345],[129.776703,31.779527],[129.783214,31.799628]]],[[[131.65979,32.47682],[131.656629,32.457358],[131.673889,32.441805],[131.689132,32.421737],[131.663585,32.40644],[131.653087,32.401272],[131.641368,32.399237],[131.633474,32.395494],[131.629405,32.386786],[131.621837,32.360297],[131.619477,32.337104],[131.616466,32.332343],[131.611013,32.329983],[131.602794,32.323554],[131.59254,32.303656],[131.580414,32.253974],[131.562417,32.217916],[131.550327,32.169466],[131.530528,32.107391],[131.496486,32.012744],[131.45857,31.905452],[131.447276,31.876899],[131.449962,31.85871],[131.447622,31.847435],[131.455903,31.821974],[131.468042,31.804899],[131.496349,31.795966],[131.493012,31.786933],[131.478526,31.770331],[131.475271,31.762152],[131.450531,31.651109],[131.455333,31.620917],[131.42335,31.598334],[131.411469,31.586127],[131.406912,31.569729],[131.404063,31.568061],[131.390798,31.548814],[131.386485,31.539008],[131.385265,31.526923],[131.38795,31.520494],[131.391449,31.51675],[131.393321,31.512274],[131.393728,31.491034],[131.388927,31.485582],[131.376231,31.474433],[131.373546,31.467353],[131.36378,31.419664],[131.358653,31.410468],[131.34547,31.394965],[131.341807,31.386054],[131.340587,31.37873],[131.338227,31.372626],[131.331309,31.367662],[131.327647,31.371324],[131.324962,31.37287],[131.318207,31.375149],[131.322602,31.381293],[131.323741,31.383938],[131.325043,31.388129],[131.284841,31.381985],[131.26588,31.381171],[131.249848,31.388129],[131.245128,31.395575],[131.245779,31.412177],[131.243012,31.422268],[131.238617,31.428412],[131.219249,31.446479],[131.212657,31.454739],[131.207802,31.456049],[131.200342,31.457373],[131.178633,31.452429],[131.161557,31.463998],[131.150645,31.47134],[131.130382,31.469428],[131.109386,31.464545],[131.071788,31.449612],[131.056895,31.439643],[131.045258,31.427476],[131.028075,31.401786],[131.013611,31.36307],[131.025451,31.354095],[131.059581,31.344875],[131.083344,31.338446],[131.104015,31.328843],[131.107388,31.317184],[131.104382,31.309449],[131.082986,31.297056],[131.074217,31.282104],[131.092591,31.276051],[131.124747,31.288346],[131.132114,31.279513],[131.06025,31.225315],[131.032951,31.227524],[131.008159,31.221082],[131.006602,31.199774],[130.997081,31.186591],[130.979991,31.155992],[130.968598,31.14175],[130.956228,31.131171],[130.940684,31.121324],[130.924001,31.112982],[130.907237,31.10692],[130.870681,31.096019],[130.845225,31.089911],[130.819511,31.08726],[130.792357,31.077847],[130.773796,31.065483],[130.767589,31.056464],[130.725428,31.04704],[130.69488,31.018825],[130.677943,31.00501],[130.657722,31.003191],[130.663339,31.069506],[130.688975,31.090155],[130.728689,31.111558],[130.742686,31.121283],[130.764784,31.186509],[130.753941,31.203883],[130.780369,31.242515],[130.78967,31.275149],[130.796646,31.325346],[130.795252,31.344425],[130.782725,31.372789],[130.769542,31.402411],[130.747325,31.435492],[130.703417,31.459305],[130.692525,31.485572],[130.705333,31.528754],[130.695567,31.545803],[130.636892,31.555243],[130.619477,31.564276],[130.609386,31.566311],[130.598318,31.573432],[130.590889,31.585988],[130.613893,31.612066],[130.637878,31.622595],[130.662283,31.617865],[130.687836,31.619452],[130.711681,31.614407],[130.722341,31.597317],[130.719249,31.570705],[130.722667,31.563422],[130.736013,31.559475],[130.749034,31.559719],[130.758637,31.563788],[130.776378,31.579901],[130.799001,31.611721],[130.810313,31.650946],[130.804535,31.687242],[130.776378,31.710273],[130.737965,31.708439],[130.686046,31.725531],[130.644786,31.714748],[130.613048,31.682359],[130.610118,31.672309],[130.606212,31.646633],[130.602224,31.638251],[130.574962,31.611274],[130.567638,31.600735],[130.558442,31.566311],[130.542247,31.541734],[130.529145,31.513251],[130.518077,31.472398],[130.516124,31.453315],[130.520518,31.43244],[130.550466,31.375149],[130.562673,31.334377],[130.573497,31.314602],[130.589122,31.30622],[130.602875,31.301988],[130.623682,31.275647],[130.66033,31.27143],[130.661957,31.258612],[130.650076,31.2237],[130.646658,31.206936],[130.639822,31.186469],[130.623302,31.17886],[130.603689,31.172349],[130.586436,31.155422],[130.573578,31.167426],[130.562511,31.166938],[130.550792,31.162421],[130.536794,31.162177],[130.521739,31.168687],[130.516856,31.175442],[130.516124,31.189521],[130.506602,31.212795],[130.494802,31.22724],[130.451144,31.249388],[130.297374,31.25373],[130.275076,31.252997],[130.24879,31.244127],[130.222205,31.2463],[130.212056,31.260866],[130.208715,31.279283],[130.203093,31.293824],[130.192952,31.315157],[130.179382,31.327781],[130.190722,31.326789],[130.206595,31.324819],[130.207774,31.336615],[130.196544,31.354193],[130.170258,31.377021],[130.140636,31.39765],[130.118988,31.408637],[130.14503,31.420071],[130.153087,31.422268],[130.162364,31.421942],[130.175466,31.417304],[130.184093,31.416083],[130.195974,31.412055],[130.21518,31.391059],[130.228282,31.381293],[130.244884,31.404853],[130.293268,31.444704],[130.30476,31.476634],[130.317068,31.493069],[130.328461,31.529039],[130.334483,31.562405],[130.324474,31.586737],[130.337657,31.607896],[130.336192,31.626166],[130.32545,31.642076],[130.297374,31.669989],[130.259288,31.720852],[130.246267,31.729641],[130.199718,31.75373],[130.184093,31.758694],[130.181814,31.768256],[130.171431,31.790137],[130.181,31.826972],[130.190319,31.835088],[130.22283,31.824449],[130.235118,31.819525],[130.207856,31.843695],[130.197004,31.858485],[130.21473,31.885618],[130.220438,31.929595],[130.213918,31.950174],[130.205127,31.97167],[130.194102,31.980902],[130.189952,31.986029],[130.174106,31.998756],[130.172994,32.01745],[130.186307,32.026796],[130.204048,32.048285],[130.204047,32.072581],[130.179861,32.093451],[130.206798,32.120673],[130.248302,32.133734],[130.278656,32.100531],[130.298513,32.105862],[130.319591,32.118232],[130.331879,32.128607],[130.335134,32.135199],[130.344656,32.16177],[130.344981,32.162746],[130.348481,32.166571],[130.356944,32.169379],[130.358653,32.172675],[130.357758,32.187242],[130.358653,32.19066],[130.431,32.257148],[130.441173,32.28262],[130.444021,32.287828],[130.457042,32.294867],[130.461681,32.299954],[130.463715,32.309394],[130.46046,32.318183],[130.461681,32.327216],[130.469574,32.347113],[130.477061,32.349026],[130.503184,32.327216],[130.512462,32.338202],[130.513927,32.350328],[130.51002,32.378485],[130.514903,32.385891],[130.540538,32.416002],[130.562022,32.427069],[130.5713,32.45189],[130.567638,32.477688],[130.550466,32.491685],[130.558849,32.501776],[130.570079,32.505601],[130.598806,32.505357],[130.590587,32.518459],[130.567719,32.534166],[130.564708,32.546332],[130.570079,32.554592],[130.641287,32.607489],[130.656423,32.623725],[130.668305,32.648749],[130.641449,32.648342],[130.478038,32.622016],[130.461681,32.61522],[130.448009,32.621405],[130.457205,32.635199],[130.475271,32.64704],[130.5442,32.676703],[130.56544,32.693427],[130.576508,32.698391],[130.59197,32.697211],[130.608165,32.702216],[130.616466,32.703762],[130.625987,32.704006],[130.625987,32.711412],[130.612315,32.716254],[130.60141,32.726142],[130.594493,32.737982],[130.59197,32.748725],[130.593761,32.755601],[130.598155,32.763088],[130.609386,32.775702],[130.613048,32.781236],[130.611339,32.785468],[130.607677,32.789862],[130.605642,32.796454],[130.593028,32.815863],[130.516124,32.868476],[130.470225,32.909735],[130.441254,32.923651],[130.433116,32.941718],[130.426443,33.007148],[130.428477,33.050523],[130.421641,33.06977],[130.422211,33.082587],[130.420665,33.087592],[130.41505,33.09162],[130.409679,33.092678],[130.40447,33.093004],[130.400157,33.095038],[130.379405,33.107856],[130.372244,33.114895],[130.367524,33.12637],[130.368012,33.134955],[130.364757,33.140326],[130.337413,33.143378],[130.314789,33.148505],[130.300548,33.149644],[130.290443,33.149589],[130.258149,33.178656],[130.241396,33.188234],[130.219302,33.159466],[130.178233,33.134914],[130.15089,33.111884],[130.127565,33.120937],[130.131946,33.101972],[130.145129,33.084836],[130.160492,33.054104],[130.203901,32.991782],[130.22231,32.975205],[130.219147,32.95506],[130.204258,32.950871],[130.203787,32.9289],[130.188536,32.915321],[130.163596,32.909291],[130.14913,32.896413],[130.13464,32.889044],[130.115408,32.880276],[130.105317,32.875922],[130.122315,32.868816],[130.132529,32.855939],[130.153635,32.842457],[130.178284,32.842495],[130.195002,32.84494],[130.243588,32.875284],[130.307285,32.876299],[130.33942,32.856579],[130.351248,32.83393],[130.372244,32.793402],[130.374848,32.780178],[130.375782,32.747884],[130.373706,32.738969],[130.354991,32.717231],[130.350936,32.704063],[130.360827,32.687963],[130.341704,32.667258],[130.305578,32.651434],[130.268231,32.650361],[130.259046,32.643866],[130.259939,32.632717],[130.253917,32.624823],[130.236508,32.622477],[130.231546,32.610014],[130.223079,32.605881],[130.198412,32.602978],[130.18148,32.592327],[130.165987,32.592956],[130.173054,32.603634],[130.169562,32.619092],[130.155488,32.625654],[130.147049,32.633992],[130.129457,32.641134],[130.128793,32.661317],[130.128133,32.683871],[130.142223,32.682065],[130.153508,32.686197],[130.166925,32.698038],[130.17748,32.70518],[130.190132,32.714106],[130.201323,32.72425],[130.210314,32.73325],[130.207585,32.752162],[130.195833,32.757391],[130.18682,32.762065],[130.182872,32.769029],[130.186046,32.774359],[130.190233,32.783482],[130.178427,32.792922],[130.148099,32.795354],[130.138214,32.788847],[130.126222,32.78887],[130.093789,32.79486],[130.064167,32.784811],[130.050046,32.772364],[130.032412,32.75935],[130.008446,32.754626],[129.990808,32.746917],[129.97038,32.744563],[129.962672,32.752894],[129.962012,32.761809],[129.958508,32.764782],[129.949326,32.757661],[129.954891,32.745171],[129.942136,32.728522],[129.916765,32.698279],[129.903444,32.681137],[129.894929,32.662689],[129.874453,32.648989],[129.855445,32.640086],[129.841277,32.639415],[129.837725,32.631668],[129.832286,32.615805],[129.808543,32.597552],[129.78583,32.583105],[129.782909,32.573503],[129.776561,32.576457],[129.763147,32.579976],[129.749612,32.572698],[129.740351,32.568442],[129.734005,32.58092],[129.74959,32.59171],[129.761687,32.59598],[129.775197,32.600852],[129.782975,32.607415],[129.794163,32.632314],[129.804615,32.647684],[129.814496,32.662551],[129.818084,32.677438],[129.813872,32.683379],[129.803249,32.677996],[129.796883,32.684506],[129.796923,32.692245],[129.80896,32.694068],[129.81532,32.701798],[129.825954,32.704808],[129.834378,32.694122],[129.845694,32.701274],[129.85906,32.724514],[129.823795,32.721985],[129.823985,32.73607],[129.803722,32.772284],[129.793305,32.780178],[129.784679,32.784898],[129.778656,32.791002],[129.776378,32.80329],[129.771007,32.813951],[129.754509,32.818483],[129.744343,32.809886],[129.73271,32.80557],[129.721035,32.827074],[129.69809,32.839545],[129.687022,32.854804],[129.678396,32.870429],[129.674653,32.88052],[129.67335,32.892401],[129.669688,32.904975],[129.661306,32.91474],[129.651866,32.922797],[129.63843,32.926546],[129.631129,32.956534],[129.632403,32.979107],[129.646269,32.989563],[129.653519,33.004253],[129.649721,33.017049],[129.651862,33.033558],[129.660658,33.039697],[129.663417,33.069024],[129.681612,33.094092],[129.720198,33.078968],[129.734711,33.060248],[129.735362,33.057847],[129.734223,33.049058],[129.734711,33.046617],[129.737966,33.046129],[129.744337,33.051524],[129.750154,33.057039],[129.755266,33.055216],[129.759665,33.047889],[129.75312,33.041762],[129.738632,33.019118],[129.735784,33.003844],[129.741664,32.991035],[129.751839,32.99594],[129.766328,33.017954],[129.796959,33.010062],[129.812308,32.994804],[129.823277,32.979538],[129.816009,32.970967],[129.813845,32.961796],[129.816089,32.937948],[129.814669,32.922655],[129.806677,32.914697],[129.800827,32.923867],[129.795674,32.947794],[129.786945,32.947805],[129.789935,32.912245],[129.803795,32.90246],[129.807477,32.885942],[129.7944,32.874921],[129.814814,32.863313],[129.822834,32.858438],[129.831586,32.850508],[129.841789,32.844411],[129.84544,32.838308],[129.850528,32.841371],[129.854885,32.847486],[129.868702,32.853013],[129.874514,32.860963],[129.883206,32.875693],[129.93561,32.860489],[129.987878,32.841714],[130.003148,32.845379],[129.985691,32.863087],[129.931224,32.928894],[129.929725,32.957641],[129.939184,32.972323],[129.947602,32.995063],[129.945623,33.015758],[129.912082,33.036508],[129.881444,33.062763],[129.853011,33.054167],[129.83407,33.043135],[129.823859,33.043119],[129.822356,33.06268],[129.797515,33.077309],[129.786589,33.070564],[129.774952,33.058314],[129.761096,33.057063],[129.74648,33.06559],[129.742442,33.076361],[129.733226,33.101633],[129.739066,33.101035],[129.749197,33.098131],[129.745585,33.116335],[129.746288,33.124896],[129.760145,33.129815],[129.758677,33.138941],[129.74773,33.139524],[129.728526,33.122301],[129.723645,33.132775],[129.721438,33.145573],[129.722856,33.158404],[129.709764,33.16257],[129.712169,33.141059],[129.708018,33.119208],[129.704112,33.111802],[129.696862,33.114265],[129.680747,33.114879],[129.67349,33.103869],[129.666515,33.101264],[129.662332,33.126511],[129.683604,33.131049],[129.687022,33.142239],[129.683279,33.15233],[129.674327,33.160224],[129.663259,33.166002],[129.652843,33.170152],[129.656098,33.178941],[129.656098,33.184882],[129.65268,33.190253],[129.645518,33.197455],[129.638031,33.192776],[129.628103,33.191799],[129.617442,33.194648],[129.600108,33.208319],[129.590099,33.211127],[129.564138,33.211127],[129.552144,33.225839],[129.563342,33.25549],[129.565342,33.272067],[129.57382,33.276835],[129.580912,33.275084],[129.591498,33.28341],[129.589343,33.289915],[129.584326,33.301146],[129.571467,33.32064],[129.57628,33.347897],[129.580413,33.371007],[129.592415,33.381115],[129.620616,33.35928],[129.644379,33.362372],[129.673185,33.398539],[129.679603,33.389673],[129.676873,33.362419],[129.701008,33.353007],[129.744164,33.364314],[129.807465,33.348131],[129.814545,33.331244],[129.814708,33.330878],[129.819835,33.304755],[129.827159,33.293891],[129.837901,33.285386],[129.851573,33.280015],[129.847992,33.293402],[129.841328,33.315977],[129.846295,33.347965],[129.859008,33.367514],[129.871025,33.378178],[129.861863,33.390046],[129.868663,33.397447],[129.816392,33.426102],[129.796886,33.444485],[129.787257,33.454519],[129.797172,33.467582],[129.804245,33.481823],[129.81844,33.484212],[129.83546,33.466376],[129.841319,33.454413],[129.848888,33.44245],[129.862071,33.436998],[129.871349,33.442939],[129.866873,33.456732],[129.843951,33.481217],[129.836835,33.513254],[129.854579,33.532854],[129.853187,33.552502],[129.868789,33.5394],[129.885831,33.53584],[129.910059,33.547205],[129.942149,33.531684],[129.961274,33.512763],[129.956997,33.502782],[129.945545,33.490855],[129.941209,33.479537],[129.953331,33.473656],[129.962648,33.482607],[129.966902,33.472529],[129.966869,33.463027],[129.975389,33.454143],[129.988946,33.448851],[130.016856,33.445787],[130.028819,33.45067],[130.040212,33.461249],[130.044626,33.485741],[130.055294,33.495226],[130.085972,33.506532],[130.103845,33.511905],[130.115262,33.508951],[130.125987,33.516181],[130.129893,33.518988],[130.142751,33.520494],[130.156423,33.525377],[130.167979,33.534084],[130.174164,33.546861],[130.161876,33.546617],[130.129893,33.540025],[130.120372,33.543158],[130.117931,33.55683],[130.109141,33.559882],[130.096934,33.561713],[130.092052,33.566474],[130.093028,33.573432],[130.098481,33.581692],[130.109141,33.589748],[130.119395,33.591254],[130.129161,33.591254],[130.139415,33.594672],[130.156664,33.606506],[130.153839,33.618943],[130.159548,33.629596],[130.170746,33.628852],[130.181895,33.629055],[130.190684,33.630316],[130.197765,33.633612],[130.204763,33.639716],[130.208011,33.665076],[130.220551,33.659735],[130.2317,33.653306],[130.236501,33.644232],[130.227156,33.634844],[130.231384,33.618846],[130.245372,33.611762],[130.251475,33.607978],[130.271921,33.611668],[130.27545,33.603368],[130.265432,33.58858],[130.273244,33.582643],[130.285411,33.576972],[130.290294,33.574205],[130.295298,33.579043],[130.301524,33.579657],[130.305431,33.584947],[130.315307,33.597362],[130.330269,33.59792],[130.35805,33.597259],[130.37304,33.603145],[130.390866,33.604874],[130.399478,33.616111],[130.402408,33.630921],[130.407501,33.650468],[130.40326,33.658187],[130.398692,33.669135],[130.379242,33.659247],[130.361583,33.646226],[130.348972,33.64113],[130.336168,33.647678],[130.324787,33.653035],[130.318394,33.658381],[130.306981,33.655441],[130.2949,33.664351],[130.289263,33.681545],[130.294281,33.689239],[130.304966,33.687443],[130.310611,33.672618],[130.324122,33.664887],[130.345498,33.662472],[130.386485,33.677232],[130.402029,33.689399],[130.415294,33.702826],[130.428722,33.71369],[130.444591,33.718207],[130.452113,33.727974],[130.467674,33.743564],[130.469987,33.762869],[130.46676,33.780353],[130.455704,33.782232],[130.448009,33.789944],[130.449555,33.802232],[130.454356,33.807685],[130.462087,33.811184],[130.472179,33.817532],[130.477794,33.825141],[130.488943,33.855373],[130.497081,33.848131],[130.507579,33.849066],[130.530528,33.861558],[130.539073,33.869452],[130.542328,33.875963],[130.548188,33.880764],[130.564708,33.883287],[130.612071,33.879788],[130.633067,33.882473],[130.654063,33.896308],[130.684418,33.934231],[130.692393,33.937323],[130.705251,33.938707],[130.717052,33.937893],[130.731505,33.931849],[130.756049,33.943681],[130.790495,33.944411],[130.828228,33.939585],[130.821339,33.920287],[130.835869,33.925729],[130.861423,33.925568],[130.871199,33.913516],[130.880853,33.89594],[130.896983,33.889309],[130.913585,33.891181],[130.926036,33.899075],[130.941417,33.916815],[130.949471,33.938193],[130.976567,33.957367],[131.007148,33.966055],[131.018686,33.956262],[131.01531,33.935126],[131.006358,33.922919],[131.003591,33.916815],[131.004161,33.911078],[130.992929,33.897665],[131.001771,33.887229],[130.999829,33.873864],[130.984607,33.87396],[130.988081,33.864284],[130.990684,33.856827],[130.984335,33.848698],[130.979747,33.842719],[130.963574,33.833235],[130.961925,33.820054],[130.961681,33.81623],[130.965994,33.813056],[130.985511,33.808665],[131.006945,33.813088],[131.003591,33.77969],[131.006033,33.772284],[131.009776,33.746161],[131.019786,33.726549],[131.050792,33.681871],[131.064464,33.653266],[131.081309,33.634955],[131.102976,33.624253],[131.119972,33.626339],[131.145875,33.621634],[131.188699,33.616028],[131.219869,33.607545],[131.256464,33.604955],[131.283834,33.582369],[131.323093,33.581221],[131.36762,33.574802],[131.417703,33.581682],[131.423176,33.589054],[131.459314,33.616144],[131.475637,33.631566],[131.484032,33.653038],[131.498557,33.666985],[131.521045,33.676371],[131.551475,33.680444],[131.573802,33.680896],[131.590017,33.68301],[131.607188,33.677191],[131.627452,33.66767],[131.647227,33.669827],[131.667366,33.667192],[131.68955,33.641342],[131.713115,33.605439],[131.729538,33.580236],[131.737071,33.56037],[131.739919,33.5397],[131.729109,33.512548],[131.737295,33.484608],[131.727348,33.463539],[131.709282,33.432638],[131.706243,33.409583],[131.697436,33.406393],[131.674571,33.416164],[131.658702,33.422838],[131.64031,33.416571],[131.635427,33.40233],[131.638438,33.386664],[131.634613,33.373969],[131.60963,33.368801],[131.601085,33.364936],[131.596234,33.3494],[131.576289,33.346355],[131.556163,33.346381],[131.547374,33.352281],[131.532981,33.366113],[131.506029,33.363074],[131.498385,33.340666],[131.51038,33.273404],[131.528494,33.261217],[131.547862,33.25495],[131.612219,33.252936],[131.654535,33.271625],[131.700043,33.254096],[131.710862,33.270176],[131.762092,33.253543],[131.822174,33.244032],[131.850857,33.252219],[131.884449,33.268306],[131.902625,33.266042],[131.882195,33.236532],[131.871555,33.215419],[131.872244,33.200344],[131.864662,33.19307],[131.848744,33.187999],[131.830976,33.169713],[131.826661,33.152562],[131.809574,33.127649],[131.842621,33.113267],[131.868831,33.128767],[131.900401,33.129136],[131.911457,33.124815],[131.88435,33.109355],[131.868938,33.09434],[131.863217,33.082533],[131.880511,33.07504],[131.890859,33.079511],[131.905798,33.077296],[131.915831,33.069162],[131.929217,33.068271],[131.932618,33.07947],[131.934469,33.092018],[131.942384,33.092557],[131.950938,33.076158],[131.958018,33.067206],[131.967133,33.061672],[131.976085,33.060248],[131.985199,33.063178],[131.991466,33.068996],[131.996113,33.091711],[132.013438,33.06387],[132.009451,33.051174],[131.984009,33.045545],[131.94535,33.047499],[131.92955,33.04709],[131.922829,33.028655],[131.906774,33.011847],[131.903168,32.983059],[131.914596,32.976492],[131.934705,32.959507],[131.949701,32.959275],[131.959239,32.944525],[131.9699,32.94831],[131.979177,32.950385],[131.985606,32.947333],[131.990977,32.941718],[131.99822,32.93891],[132.010265,32.944159],[132.009776,32.939032],[132.013879,32.934393],[132.021831,32.936917],[132.03479,32.951291],[132.060744,32.946885],[132.081189,32.94323],[132.084115,32.933234],[132.064446,32.936215],[132.043714,32.927276],[132.025475,32.923596],[131.994802,32.903551],[131.982188,32.888902],[131.986664,32.88227],[131.99586,32.878363],[132.000173,32.871283],[131.989757,32.854804],[131.980968,32.848334],[131.972341,32.844468],[131.963715,32.839016],[131.955577,32.827541],[131.968516,32.826117],[131.997813,32.829657],[132.003429,32.824123],[131.996593,32.810533],[131.980724,32.799262],[131.962413,32.79267],[131.94809,32.793402],[131.92921,32.778266],[131.882498,32.783433],[131.873057,32.762356],[131.873057,32.734687],[131.872325,32.731635],[131.871104,32.726793],[131.866873,32.722724],[131.862153,32.720364],[131.859386,32.717678],[131.856994,32.700864],[131.855925,32.686084],[131.847911,32.68183],[131.833952,32.698665],[131.821938,32.702686],[131.816564,32.689146],[131.80064,32.680833],[131.788422,32.662991],[131.775645,32.653713],[131.770763,32.648749],[131.767833,32.64411],[131.76824,32.642401],[131.769786,32.639553],[131.770763,32.631741],[131.766856,32.620795],[131.749034,32.594062],[131.743337,32.587958],[131.729503,32.584052],[131.708793,32.585903],[131.704713,32.581575],[131.699067,32.564521],[131.68214,32.535061],[131.685069,32.522447],[131.695649,32.511461],[131.712657,32.511623],[131.718923,32.508734],[131.736501,32.491685],[131.717296,32.472968],[131.695486,32.468248],[131.678946,32.473907],[131.65979,32.47682]]],[[[134.689789,33.82807],[134.722031,33.834073],[134.740046,33.840283],[134.751231,33.834906],[134.732304,33.825952],[134.702049,33.813677],[134.664654,33.798487],[134.651866,33.786444],[134.6168,33.782602],[134.607758,33.766018],[134.579377,33.76417],[134.570661,33.736449],[134.546378,33.732502],[134.53844,33.716858],[134.4573,33.670926],[134.404022,33.654478],[134.376175,33.635657],[134.388622,33.623634],[134.36377,33.600755],[134.360524,33.588709],[134.352967,33.581631],[134.339453,33.577067],[134.32626,33.580128],[134.312348,33.572506],[134.31546,33.555138],[134.313701,33.543079],[134.296712,33.531363],[134.273205,33.508004],[134.244634,33.46075],[134.214529,33.376614],[134.207774,33.339097],[134.198497,33.310289],[134.1963,33.29678],[134.1912,33.271258],[134.190255,33.248329],[134.176527,33.236128],[134.15797,33.269721],[134.141764,33.291793],[134.127507,33.289525],[134.106224,33.294332],[134.10796,33.314923],[134.079973,33.339048],[134.04005,33.384101],[134.025536,33.4154],[133.996622,33.424565],[133.968761,33.435696],[133.942148,33.458879],[133.925205,33.493693],[133.854902,33.500095],[133.763052,33.519784],[133.739397,33.537507],[133.672148,33.528902],[133.607733,33.515825],[133.589305,33.501934],[133.546862,33.486111],[133.465909,33.454324],[133.450369,33.430854],[133.455089,33.4147],[133.439708,33.401679],[133.414806,33.393052],[133.391612,33.389838],[133.375499,33.38939],[133.365001,33.3876],[133.356619,33.383287],[133.34669,33.375556],[133.328136,33.353461],[133.32309,33.351304],[133.32602,33.368801],[133.319102,33.371527],[133.312348,33.375556],[133.292247,33.364691],[133.269379,33.346869],[133.254568,33.326239],[133.258474,33.306708],[133.251964,33.294745],[133.254649,33.286526],[133.260753,33.279771],[133.264659,33.272528],[133.26588,33.267646],[133.269705,33.264228],[133.270844,33.259508],[133.269379,33.252346],[133.265147,33.24844],[133.260509,33.245754],[133.258474,33.242133],[133.253266,33.219062],[133.240977,33.205797],[133.226899,33.194403],[133.21534,33.187504],[133.217947,33.165839],[133.225434,33.159084],[133.209761,33.151042],[133.203836,33.162622],[133.190149,33.163316],[133.165033,33.1372],[133.132387,33.089029],[133.107436,33.061069],[133.097116,33.048111],[133.098867,33.032648],[133.097764,33.023467],[133.089854,33.019273],[133.074617,33.028738],[133.052848,33.039499],[133.018259,33.024023],[133.001702,32.986957],[132.994413,32.948993],[133.009288,32.903469],[133.002452,32.86933],[132.989905,32.862576],[132.961059,32.864101],[132.955099,32.852629],[132.957899,32.835426],[132.955477,32.814619],[132.969737,32.807074],[132.976736,32.795152],[132.984874,32.787095],[133.00408,32.772284],[133.017345,32.75788],[133.027599,32.739651],[133.028005,32.720649],[133.002208,32.711656],[132.984386,32.719631],[132.976573,32.724514],[132.971365,32.731676],[132.961762,32.751125],[132.956798,32.758612],[132.939138,32.770453],[132.91505,32.777981],[132.892833,32.774237],[132.881114,32.752387],[132.872081,32.768744],[132.858409,32.769599],[132.843272,32.760932],[132.8296,32.748725],[132.812185,32.740302],[132.791515,32.740668],[132.771983,32.74608],[132.757579,32.752387],[132.72934,32.774156],[132.711401,32.789525],[132.664643,32.778868],[132.627661,32.752093],[132.619903,32.77299],[132.623377,32.799496],[132.646002,32.825692],[132.663007,32.856808],[132.692785,32.88433],[132.705167,32.897165],[132.709158,32.90941],[132.639903,32.908922],[132.627208,32.906317],[132.618419,32.906887],[132.57545,32.93183],[132.55893,32.936754],[132.572032,32.923082],[132.552908,32.924872],[132.536388,32.93122],[132.524181,32.930243],[132.517345,32.90941],[132.523448,32.906887],[132.532237,32.8994],[132.537852,32.895819],[132.520763,32.889309],[132.504161,32.891669],[132.490489,32.90119],[132.472272,32.933672],[132.494039,32.948931],[132.482919,32.970501],[132.496128,32.985332],[132.501475,32.993232],[132.481408,33.023528],[132.471495,33.040686],[132.441137,33.043659],[132.419704,33.051922],[132.3967,33.016594],[132.382402,33.019779],[132.400446,33.043914],[132.396885,33.058005],[132.407922,33.069329],[132.451834,33.052883],[132.471528,33.055609],[132.483165,33.067694],[132.462738,33.067694],[132.468761,33.082343],[132.469005,33.095771],[132.462738,33.105455],[132.449067,33.10871],[132.449067,33.114895],[132.471446,33.113959],[132.475841,33.114895],[132.480154,33.118313],[132.487559,33.125474],[132.490082,33.132758],[132.479503,33.135972],[132.450206,33.136664],[132.440684,33.142279],[132.435395,33.155829],[132.438044,33.168218],[132.458607,33.173706],[132.449247,33.185075],[132.438108,33.191398],[132.423661,33.199176],[132.415387,33.189278],[132.398647,33.187184],[132.394676,33.203895],[132.420124,33.209824],[132.445494,33.204965],[132.459659,33.204012],[132.461201,33.191403],[132.477821,33.181408],[132.485702,33.169153],[132.505077,33.181235],[132.50267,33.198735],[132.513767,33.213343],[132.536172,33.217566],[132.548364,33.226903],[132.536829,33.242584],[132.524492,33.249982],[132.541394,33.262558],[132.524213,33.263023],[132.507702,33.257903],[132.50258,33.266609],[132.491823,33.270716],[132.484571,33.276526],[132.484735,33.290841],[132.504788,33.303811],[132.52228,33.307621],[132.52561,33.314664],[132.486804,33.316068],[132.420121,33.304356],[132.401221,33.309387],[132.390274,33.316188],[132.378673,33.319485],[132.384125,33.330878],[132.391368,33.334866],[132.407888,33.336249],[132.415538,33.341457],[132.417328,33.347398],[132.421153,33.375556],[132.402354,33.362616],[132.390636,33.374986],[132.391124,33.397895],[132.408051,33.416571],[132.408051,33.423407],[132.394379,33.423407],[132.398204,33.431342],[132.404145,33.437649],[132.411876,33.441962],[132.421153,33.444485],[132.381114,33.466051],[132.362966,33.468085],[132.344596,33.467155],[132.333752,33.462444],[132.322233,33.457555],[132.307804,33.46429],[132.278586,33.447301],[132.253607,33.440709],[132.214402,33.422947],[132.179739,33.406986],[132.149985,33.389167],[132.139431,33.373978],[132.13066,33.363566],[132.114137,33.364151],[132.101568,33.370134],[132.110296,33.386728],[132.073508,33.367632],[132.025487,33.344904],[132.010539,33.348989],[132.029637,33.365247],[132.051555,33.37604],[132.09432,33.408487],[132.135488,33.420023],[132.153248,33.415429],[132.166576,33.420204],[132.157086,33.428842],[132.15528,33.437046],[132.171331,33.445634],[132.199767,33.45501],[132.221881,33.454026],[132.240685,33.464576],[132.264632,33.464074],[132.293746,33.48538],[132.412364,33.53498],[132.428477,33.547593],[132.435395,33.563666],[132.441661,33.572943],[132.47047,33.602118],[132.479503,33.608344],[132.500612,33.624998],[132.601736,33.660386],[132.618489,33.674289],[132.645475,33.689588],[132.676606,33.715644],[132.697113,33.756741],[132.695567,33.786444],[132.690083,33.813905],[132.698982,33.850384],[132.706283,33.877052],[132.71237,33.904549],[132.754937,33.91032],[132.757481,33.934948],[132.772472,33.955878],[132.769862,33.99627],[132.798734,34.013104],[132.847186,34.039964],[132.862359,34.055894],[132.91911,34.068406],[132.922521,34.084839],[132.930338,34.094376],[132.926158,34.111668],[132.906206,34.113165],[132.895364,34.113214],[132.8975,34.122714],[132.915511,34.120259],[132.928775,34.119874],[132.942384,34.141262],[132.954033,34.125393],[132.961323,34.121134],[132.966319,34.114325],[132.976573,34.108588],[133.031849,34.052734],[133.060313,33.99136],[133.069197,33.974223],[133.077294,33.959733],[133.0866,33.949313],[133.107763,33.941173],[133.127011,33.933291],[133.146704,33.931541],[133.173292,33.940584],[133.208868,33.947403],[133.24368,33.956257],[133.248874,33.974109],[133.279046,33.983277],[133.299823,33.981025],[133.322608,33.990553],[133.340967,33.989939],[133.359948,33.98271],[133.414806,33.985745],[133.438243,33.981879],[133.486339,33.966742],[133.510997,33.965237],[133.532074,33.970933],[133.548595,33.980943],[133.561697,33.993394],[133.57252,34.006171],[133.58725,34.020331],[133.62086,34.045559],[133.633962,34.060777],[133.641287,34.079169],[133.648123,34.124661],[133.646007,34.167385],[133.641124,34.184638],[133.632986,34.19831],[133.620372,34.211656],[133.604015,34.223375],[133.587657,34.23192],[133.572276,34.242174],[133.55836,34.259467],[133.579356,34.249416],[133.609223,34.238959],[133.637543,34.233588],[133.65447,34.238959],[133.672618,34.223131],[133.701427,34.231269],[133.731944,34.250963],[133.754649,34.270006],[133.781993,34.288275],[133.843598,34.312242],[133.874197,34.328315],[133.882823,34.338446],[133.890636,34.3522],[133.899669,34.364163],[133.91212,34.36933],[133.920909,34.370429],[133.937022,34.375067],[133.946544,34.376166],[133.956228,34.373969],[133.970876,34.364651],[133.989024,34.360785],[134.001231,34.35224],[134.011974,34.348822],[134.021251,34.349189],[134.036876,34.354682],[134.046153,34.355048],[134.081309,34.347724],[134.08839,34.354804],[134.100759,34.376166],[134.116873,34.3605],[134.122813,34.366604],[134.124522,34.380845],[134.127452,34.389797],[134.143565,34.391791],[134.153005,34.385728],[134.158214,34.374945],[134.161632,34.362494],[134.161632,34.334906],[134.16627,34.324856],[134.182628,34.32095],[134.19044,34.325385],[134.212169,34.347235],[134.216807,34.355048],[134.237804,34.340806],[134.260427,34.334418],[134.271251,34.323065],[134.257823,34.294176],[134.296886,34.275295],[134.309581,34.273098],[134.321788,34.268948],[134.343516,34.250637],[134.357677,34.246405],[134.384125,34.250067],[134.396658,34.249457],[134.401703,34.242743],[134.405772,34.234442],[134.415701,34.224189],[134.439767,34.208349],[134.468623,34.20746],[134.495243,34.224235],[134.560883,34.221422],[134.581716,34.229641],[134.594249,34.232123],[134.607145,34.250845],[134.611094,34.239414],[134.600482,34.228194],[134.594044,34.213812],[134.610349,34.216027],[134.627896,34.233082],[134.646871,34.239252],[134.640701,34.225356],[134.627176,34.209674],[134.625748,34.201014],[134.625404,34.193467],[134.627208,34.187934],[134.607758,34.184312],[134.619151,34.182074],[134.628266,34.177924],[134.642089,34.179263],[134.634302,34.165932],[134.623696,34.150772],[134.620463,34.140253],[134.622732,34.134467],[134.605187,34.110777],[134.604585,34.084834],[134.607758,34.067613],[134.601817,34.063707],[134.595225,34.045966],[134.594249,34.03974],[134.594574,34.029771],[134.599783,34.009467],[134.604966,34.001024],[134.611637,33.99702],[134.624251,33.997581],[134.626591,34.00814],[134.637016,34.010666],[134.650929,33.985941],[134.662916,33.968869],[134.695963,33.951893],[134.690232,33.942397],[134.702571,33.937267],[134.702231,33.920965],[134.702891,33.906236],[134.690714,33.895734],[134.686778,33.886217],[134.673513,33.881659],[134.662364,33.875881],[134.646251,33.853095],[134.660818,33.846381],[134.717052,33.847968],[134.717052,33.841702],[134.708263,33.840562],[134.698253,33.836249],[134.689789,33.834906],[134.689789,33.82807]]],[[[133.121349,36.109768],[133.135427,36.089545],[133.12322,36.062934],[133.099457,36.037502],[133.079112,36.020941],[133.078624,36.049994],[133.081309,36.080146],[133.093516,36.102769],[133.121349,36.109768]]],[[[133.090587,36.117865],[133.093272,36.123358],[133.113617,36.113511],[133.093272,36.109768],[133.090587,36.117865]]],[[[133.074229,36.127916],[133.087576,36.127021],[133.088145,36.118272],[133.087169,36.110785],[133.072765,36.107856],[133.05836,36.103176],[133.051768,36.085517],[133.053966,36.074897],[133.056977,36.067694],[133.055837,36.061754],[133.044932,36.055121],[133.035981,36.0539],[133.027029,36.056301],[133.019786,36.060614],[133.0171,36.065009],[133.016775,36.074774],[133.014903,36.079779],[133.01002,36.081529],[133.000255,36.081773],[132.990408,36.077053],[132.993175,36.066352],[133.00408,36.048285],[132.994965,36.038235],[132.981456,36.039862],[132.965505,36.04914],[132.949392,36.061957],[132.969493,36.082017],[133.014496,36.110989],[133.038748,36.130805],[133.056651,36.124945],[133.074229,36.127916]]],[[[133.422211,34.445014],[133.412446,34.424465],[133.341075,34.348049],[133.325531,34.336819],[133.295421,34.324897],[133.281749,34.321519],[133.269786,34.322414],[133.264659,34.331732],[133.269867,34.339179],[133.282237,34.342719],[133.295909,34.345038],[133.305512,34.348822],[133.314952,34.366034],[133.304698,34.37759],[133.283214,34.383124],[133.258474,34.38231],[133.258474,34.389797],[133.276622,34.40176],[133.266612,34.4206],[133.247325,34.4265],[133.229666,34.376166],[133.213227,34.363105],[133.194998,34.353705],[133.18214,34.341376],[133.201915,34.328315],[133.208669,34.307807],[133.202891,34.288886],[133.185557,34.280504],[133.178233,34.282782],[133.165782,34.292304],[133.160981,34.294176],[133.15561,34.291815],[133.144054,34.28262],[133.125173,34.276272],[133.102712,34.257148],[133.093272,34.252631],[133.076427,34.259589],[133.070649,34.277248],[133.072276,34.317532],[133.076915,34.316718],[133.087413,34.326483],[133.103282,34.34512],[133.114024,34.351752],[133.117931,34.342271],[133.117035,34.326565],[133.113292,34.314114],[133.133149,34.318183],[133.147472,34.351386],[133.168468,34.355048],[133.168468,34.362494],[133.152599,34.373847],[133.134288,34.38231],[133.12322,34.384345],[133.113292,34.383979],[133.103526,34.384589],[133.093272,34.389797],[133.079112,34.38231],[133.085785,34.35102],[133.059093,34.332343],[133.018321,34.32331],[132.911876,34.314765],[132.883067,34.304592],[132.853038,34.28734],[132.836192,34.311103],[132.818207,34.303371],[132.799083,34.284003],[132.778087,34.273098],[132.762218,34.270331],[132.764008,34.26317],[132.772797,34.253404],[132.778087,34.242743],[132.771495,34.235297],[132.756602,34.232327],[132.726573,34.232123],[132.702973,34.225491],[132.656261,34.199286],[132.627208,34.197984],[132.622244,34.20189],[132.618419,34.208889],[132.615571,34.215481],[132.613536,34.218451],[132.604259,34.21662],[132.599457,34.212307],[132.596528,34.207424],[132.593028,34.20425],[132.566173,34.191962],[132.554454,34.192369],[132.544688,34.20425],[132.559825,34.218411],[132.550629,34.230862],[132.533458,34.244778],[132.521007,34.269761],[132.507335,34.283026],[132.503673,34.28734],[132.503429,34.30036],[132.507091,34.308417],[132.509044,34.31623],[132.503673,34.328315],[132.510753,34.32982],[132.523123,34.334296],[132.531016,34.33515],[132.526134,34.345608],[132.517589,34.353013],[132.496837,34.362494],[132.481293,34.35456],[132.461681,34.349555],[132.44158,34.350002],[132.405528,34.368069],[132.383474,34.365668],[132.346039,34.348822],[132.312348,34.326972],[132.222504,34.238959],[132.2317,34.225246],[132.238292,34.20425],[132.240408,34.189805],[132.243663,34.166938],[132.238943,34.142646],[132.22755,34.132025],[132.213715,34.124335],[132.201915,34.108588],[132.199067,34.064765],[132.210948,34.025214],[132.213227,33.989651],[132.181488,33.957831],[132.157237,33.94892],[132.142589,33.946438],[132.13559,33.938422],[132.1338,33.913398],[132.138927,33.894965],[132.159923,33.857327],[132.161632,33.841702],[132.150076,33.830146],[132.105805,33.809027],[132.075938,33.787055],[132.055919,33.777167],[132.041352,33.776272],[132.044444,33.79328],[132.06544,33.806952],[132.068858,33.811672],[132.076345,33.826728],[132.078461,33.834906],[132.087169,33.8251],[132.098888,33.823635],[132.108897,33.830268],[132.113292,33.844875],[132.109223,33.862616],[132.099457,33.87226],[132.087087,33.878567],[132.07545,33.88642],[132.057791,33.89525],[131.994802,33.913479],[131.972341,33.916815],[131.966563,33.921536],[131.941905,33.950914],[131.930919,33.956977],[131.903331,33.966702],[131.893565,33.971422],[131.87086,33.988511],[131.852061,33.998358],[131.833669,33.994696],[131.812266,33.971422],[131.826508,33.971422],[131.826508,33.965237],[131.791352,33.964057],[131.779552,33.969672],[131.777517,33.985745],[131.807302,34.005805],[131.823904,34.020168],[131.822765,34.026679],[131.81365,34.028754],[131.799571,34.037746],[131.741466,34.05622],[131.70338,34.044176],[131.688731,34.047187],[131.676117,34.040188],[131.644867,34.028876],[131.633474,34.026679],[131.606212,34.026679],[131.601736,34.030015],[131.598155,34.036038],[131.593272,34.037299],[131.585134,34.026679],[131.594005,34.015326],[131.597423,34.002631],[131.593028,33.991685],[131.578868,33.985745],[131.571788,33.985175],[131.567638,33.986274],[131.565684,33.989651],[131.565196,33.996283],[131.562266,34.004625],[131.556163,34.005194],[131.551117,34.002143],[131.551036,33.999416],[131.519298,34.00849],[131.510509,34.012397],[131.493012,34.028144],[131.482921,34.03205],[131.469005,34.026679],[131.473806,34.018622],[131.474294,34.013983],[131.469005,34.006171],[131.466319,34.006781],[131.456716,33.999335],[131.455333,33.99315],[131.451996,33.989569],[131.451834,33.985907],[131.449555,33.982245],[131.441173,33.978909],[131.434337,33.980211],[131.428233,33.985907],[131.423513,33.993109],[131.420584,33.999416],[131.415538,33.989407],[131.409679,33.983059],[131.402517,33.981391],[131.393321,33.985745],[131.402192,33.999335],[131.404796,34.017279],[131.400645,34.032945],[131.389903,34.03974],[131.383149,34.033026],[131.355724,33.989447],[131.33253,33.962104],[131.321951,33.95307],[131.272227,33.926825],[131.257986,33.924791],[131.249848,33.937934],[131.242524,33.934475],[131.233572,33.933051],[131.225841,33.935004],[131.222667,33.941352],[131.220714,33.950385],[131.215831,33.950751],[131.209239,33.947252],[131.202159,33.94477],[131.200369,33.942532],[131.194672,33.937649],[131.187022,33.932766],[131.178233,33.930487],[131.173188,33.933987],[131.170665,33.941881],[131.160266,33.952796],[131.161537,33.964374],[131.16684,33.972398],[131.166026,33.977118],[131.1574,33.978909],[131.123999,33.999931],[131.103165,34.030217],[131.072424,34.036997],[131.035595,34.047975],[131.013962,34.014762],[130.968598,33.971422],[130.932086,33.945365],[130.926291,33.922691],[130.915753,33.91399],[130.899181,33.924262],[130.893728,33.932318],[130.879405,33.937934],[130.880224,33.950432],[130.899425,33.949856],[130.90965,33.973652],[130.907725,33.984931],[130.913422,33.999416],[130.917135,34.010913],[130.912812,34.021921],[130.905284,34.029608],[130.912577,34.053342],[130.903914,34.065826],[130.878429,34.067857],[130.87322,34.078192],[130.869314,34.091742],[130.862804,34.101793],[130.861583,34.112738],[130.87322,34.129096],[130.886485,34.138983],[130.899262,34.145657],[130.911143,34.154486],[130.920909,34.17064],[130.92335,34.183783],[130.920258,34.192572],[130.915782,34.199693],[130.910411,34.224921],[130.896739,34.244818],[130.893728,34.256049],[130.891612,34.259833],[130.876231,34.270006],[130.871593,34.279242],[130.875336,34.286689],[130.882009,34.293402],[130.886241,34.300442],[130.889659,34.331204],[130.893077,34.343492],[130.899913,34.355048],[130.911143,34.350898],[130.927419,34.348944],[130.941905,34.350979],[130.948253,34.358791],[130.954763,34.361721],[130.996104,34.36933],[131.011729,34.375963],[131.033607,34.381789],[131.017882,34.393297],[131.003591,34.39289],[130.965099,34.39997],[130.955089,34.403469],[130.948904,34.395006],[130.9463,34.392401],[130.93393,34.395982],[130.93922,34.407701],[130.947765,34.418931],[130.958751,34.427436],[130.976396,34.438967],[130.989732,34.435038],[131.002845,34.425946],[131.00115,34.414862],[131.009776,34.410305],[131.022634,34.409369],[131.037283,34.411119],[131.050955,34.415188],[131.061209,34.420844],[131.074718,34.42475],[131.099376,34.413275],[131.115718,34.409794],[131.133923,34.411562],[131.140798,34.378485],[131.153656,34.36933],[131.172699,34.367743],[131.178958,34.378776],[131.191702,34.393648],[131.173595,34.410224],[131.170584,34.416815],[131.171315,34.429535],[131.192719,34.42475],[131.207367,34.428941],[131.234874,34.433498],[131.252632,34.437387],[131.264537,34.428087],[131.281214,34.407958],[131.266256,34.409449],[131.251027,34.419131],[131.24102,34.421184],[131.229503,34.417711],[131.222016,34.408393],[131.216075,34.396918],[131.211762,34.383775],[131.208995,34.36933],[131.216075,34.372301],[131.22877,34.380194],[131.236176,34.38231],[131.284482,34.384211],[131.32309,34.393012],[131.334731,34.416114],[131.36505,34.415651],[131.414317,34.423977],[131.413315,34.453874],[131.426407,34.465645],[131.456228,34.490383],[131.461925,34.499254],[131.454763,34.51911],[131.461762,34.523505],[131.482677,34.527574],[131.520763,34.551907],[131.536469,34.565619],[131.551036,34.581529],[131.555431,34.59219],[131.557299,34.614857],[131.564792,34.619494],[131.585184,34.618422],[131.595876,34.616848],[131.594249,34.625678],[131.594104,34.642051],[131.596872,34.659589],[131.615242,34.664881],[131.629405,34.659247],[131.656415,34.653586],[131.670859,34.662818],[131.673355,34.670932],[131.680332,34.674649],[131.711599,34.671576],[131.746082,34.675353],[131.790375,34.686103],[131.822956,34.698283],[131.840784,34.705329],[131.858409,34.714504],[131.863129,34.737494],[131.866873,34.746039],[131.873758,34.759223],[131.896332,34.762926],[131.901322,34.770451],[131.923788,34.78786],[131.957007,34.81303],[131.997325,34.837226],[132.021169,34.865871],[132.034551,34.876579],[132.053884,34.87226],[132.060557,34.885688],[132.063304,34.907489],[132.111176,34.943101],[132.131847,34.958645],[132.15794,34.976132],[132.216319,35.013577],[132.236495,35.034818],[132.270842,35.040329],[132.29361,35.048407],[132.31685,35.062346],[132.326594,35.09207],[132.357041,35.111207],[132.379949,35.124981],[132.389212,35.134829],[132.386574,35.145538],[132.402354,35.160468],[132.408085,35.175051],[132.467678,35.213148],[132.495827,35.232455],[132.529718,35.244913],[132.531937,35.257672],[132.550265,35.262432],[132.575617,35.27327],[132.621142,35.284444],[132.638679,35.294645],[132.651395,35.312924],[132.663347,35.329536],[132.671446,35.355128],[132.674137,35.372037],[132.674023,35.385425],[132.670791,35.399475],[132.653742,35.40687],[132.631142,35.419814],[132.623808,35.43107],[132.635359,35.440955],[132.655876,35.442994],[132.682099,35.449016],[132.701444,35.44922],[132.734438,35.448632],[132.748551,35.451549],[132.754739,35.456245],[132.744477,35.463568],[132.725496,35.47078],[132.736279,35.472742],[132.75272,35.477078],[132.775427,35.481007],[132.804827,35.495182],[132.837679,35.506123],[132.864909,35.510983],[132.922231,35.513175],[132.946365,35.518677],[132.969737,35.516995],[132.973206,35.541884],[132.991485,35.544551],[133.014399,35.54078],[133.033489,35.545992],[133.042492,35.561528],[133.051772,35.57373],[133.064601,35.580271],[133.081442,35.575326],[133.091345,35.587539],[133.091261,35.601485],[133.105353,35.597517],[133.119732,35.584907],[133.141428,35.570165],[133.156467,35.562622],[133.189661,35.571908],[133.207068,35.572828],[133.224731,35.582945],[133.230163,35.578198],[133.223155,35.568508],[133.228038,35.564683],[133.239336,35.563615],[133.246253,35.56732],[133.266377,35.574237],[133.286779,35.576193],[133.308772,35.577189],[133.32602,35.568508],[133.312904,35.561976],[133.298874,35.558638],[133.286929,35.553727],[133.270135,35.54961],[133.257498,35.5362],[133.254731,35.53384],[133.254161,35.521796],[133.260509,35.509955],[133.264659,35.496161],[133.294543,35.480416],[133.329626,35.465504],[133.360857,35.460417],[133.38069,35.456415],[133.400157,35.454291],[133.417412,35.456543],[133.441245,35.491038],[133.492755,35.510362],[133.525595,35.522427],[133.580182,35.533603],[133.632568,35.521328],[133.731145,35.502907],[133.911547,35.514595],[134.008383,35.537049],[134.03479,35.519356],[134.173662,35.536271],[134.237765,35.546651],[134.262066,35.553588],[134.281586,35.564887],[134.293871,35.585894],[134.342621,35.593817],[134.352061,35.594184],[134.361501,35.595771],[134.376491,35.611184],[134.413823,35.62114],[134.466215,35.637555],[134.498096,35.653879],[134.536987,35.672203],[134.590209,35.659428],[134.647447,35.664265],[134.691475,35.663447],[134.766907,35.666559],[134.798295,35.665642],[134.813419,35.662374],[134.834137,35.657146],[134.842348,35.645365],[134.86325,35.658278],[134.880968,35.657322],[134.885048,35.645914],[134.897749,35.649162],[134.915704,35.644367],[134.927013,35.641181],[134.947276,35.654853],[134.953624,35.657904],[134.963715,35.661038],[134.959622,35.673753],[134.987944,35.689777],[135.010844,35.691113],[135.029032,35.692869],[135.044822,35.701739],[135.085785,35.725979],[135.08412,35.739022],[135.134305,35.751901],[135.183849,35.76024],[135.210134,35.763373],[135.226846,35.772321],[135.25066,35.757815],[135.261729,35.739814],[135.276703,35.731391],[135.292491,35.711656],[135.304047,35.68891],[135.306163,35.671536],[135.299327,35.657904],[135.279214,35.668533],[135.258827,35.656829],[135.246415,35.63552],[135.242394,35.62264],[135.232755,35.614214],[135.204902,35.587353],[135.188175,35.565045],[135.188324,35.545258],[135.196041,35.539895],[135.206673,35.541468],[135.208084,35.559054],[135.22169,35.567939],[135.235246,35.584548],[135.248226,35.591694],[135.253429,35.571275],[135.265438,35.567075],[135.270911,35.562923],[135.262042,35.557547],[135.251957,35.557316],[135.239815,35.557963],[135.238739,35.542026],[135.301522,35.513243],[135.316178,35.518338],[135.324436,35.524446],[135.33549,35.50821],[135.329564,35.494755],[135.324962,35.485663],[135.315278,35.466783],[135.313487,35.458645],[135.319021,35.446967],[135.330251,35.454535],[135.339757,35.471122],[135.352518,35.486984],[135.370504,35.486126],[135.394867,35.476467],[135.402354,35.482164],[135.402354,35.507025],[135.37379,35.501695],[135.350224,35.510313],[135.337796,35.537478],[135.361339,35.554185],[135.373709,35.557685],[135.402843,35.558173],[135.416026,35.561672],[135.425955,35.56981],[135.435557,35.580024],[135.439481,35.59057],[135.463222,35.603327],[135.458244,35.586987],[135.45239,35.571781],[135.47003,35.56596],[135.482938,35.559199],[135.478761,35.543725],[135.480479,35.533881],[135.478689,35.527289],[135.479015,35.522528],[135.488292,35.520697],[135.495616,35.523912],[135.502696,35.531643],[135.512218,35.548041],[135.512462,35.529853],[135.508637,35.511908],[135.510997,35.498196],[135.529552,35.492743],[135.558279,35.491767],[135.567393,35.492743],[135.576834,35.495998],[135.596446,35.505113],[135.605249,35.517168],[135.624798,35.532344],[135.648945,35.542834],[135.66977,35.534369],[135.664766,35.529664],[135.641924,35.521718],[135.634613,35.493557],[135.622081,35.486558],[135.645066,35.4802],[135.696686,35.491843],[135.724431,35.490732],[135.738036,35.498739],[135.748351,35.513719],[135.748198,35.533525],[135.720801,35.522305],[135.708604,35.540551],[135.691636,35.545877],[135.706093,35.562095],[135.738446,35.570531],[135.748045,35.564204],[135.756137,35.549072],[135.777258,35.549856],[135.79405,35.531382],[135.8105,35.526863],[135.834321,35.534369],[135.823497,35.538398],[135.816173,35.545966],[135.801502,35.568003],[135.804255,35.575175],[135.815434,35.577592],[135.82589,35.569356],[135.840129,35.573415],[135.854747,35.579047],[135.851573,35.586412],[135.844493,35.591742],[135.837576,35.599189],[135.834321,35.613186],[135.830251,35.617133],[135.816018,35.630856],[135.811685,35.643406],[135.823223,35.644621],[135.840866,35.633654],[135.853757,35.62492],[135.867841,35.617753],[135.901847,35.62436],[135.909767,35.614963],[135.919441,35.60816],[135.939587,35.618439],[135.950938,35.628882],[135.971053,35.625981],[135.980574,35.630481],[135.981668,35.643638],[135.96354,35.655409],[135.973159,35.676211],[135.974371,35.690949],[135.970084,35.70299],[135.956448,35.700565],[135.956005,35.728325],[135.981544,35.739854],[136.019705,35.765347],[136.033563,35.746226],[136.031321,35.738076],[136.03889,35.722506],[136.046847,35.703722],[136.041958,35.691469],[136.031954,35.691626],[136.027006,35.680947],[136.043296,35.670167],[136.047459,35.658812],[136.069114,35.66188],[136.074621,35.679032],[136.081381,35.684194],[136.083595,35.690449],[136.082648,35.704395],[136.092398,35.715165],[136.092633,35.724639],[136.092958,35.743115],[136.099864,35.759833],[136.099457,35.775702],[136.088212,35.795294],[136.076683,35.811738],[136.070498,35.824749],[136.048808,35.838668],[136.012267,35.87098],[135.993454,35.885142],[135.995358,35.913108],[135.99438,35.935913],[135.970708,35.960064],[135.957286,35.973131],[135.963217,35.999923],[135.987343,36.011733],[136.000132,36.024187],[136.017914,36.05744],[136.031098,36.080715],[136.043611,36.110833],[136.09282,36.161363],[136.107549,36.185165],[136.120155,36.199755],[136.134845,36.224552],[136.119422,36.246444],[136.124173,36.253179],[136.144911,36.254279],[136.162627,36.252242],[136.196738,36.264362],[136.278667,36.322406],[136.298417,36.347278],[136.346779,36.365801],[136.382293,36.391071],[136.430186,36.432522],[136.639961,36.662601],[136.689685,36.730827],[136.760555,36.870599],[136.765634,36.889528],[136.765448,36.913397],[136.758238,36.919313],[136.750386,36.925729],[136.751959,36.935416],[136.760933,36.952398],[136.767613,36.980999],[136.75991,37.000087],[136.742288,37.013388],[136.73156,37.047649],[136.720448,37.054998],[136.718413,37.076261],[136.726736,37.126614],[136.720961,37.142048],[136.708564,37.149877],[136.69843,37.147597],[136.696266,37.136362],[136.676444,37.137401],[136.670259,37.149957],[136.674473,37.175472],[136.682009,37.19905],[136.690424,37.215008],[136.705577,37.228258],[136.697835,37.239543],[136.712771,37.251066],[136.726145,37.26964],[136.733217,37.285015],[136.724435,37.297491],[136.721531,37.32533],[136.749094,37.357917],[136.783767,37.373892],[136.842171,37.399533],[136.880799,37.407987],[136.903484,37.398323],[136.934766,37.399457],[137.044874,37.447916],[137.071535,37.453003],[137.091339,37.472635],[137.113841,37.487747],[137.255491,37.524594],[137.29571,37.53149],[137.340966,37.517094],[137.350874,37.506103],[137.343697,37.486667],[137.345299,37.47502],[137.358979,37.466635],[137.35613,37.453192],[137.351205,37.445676],[137.325136,37.439112],[137.307833,37.439809],[137.287253,37.442975],[137.268129,37.43649],[137.253601,37.429106],[137.245983,37.413556],[137.237364,37.379882],[137.248878,37.35726],[137.267486,37.355086],[137.265349,37.339807],[137.262545,37.326049],[137.255821,37.31526],[137.237668,37.301708],[137.230235,37.292141],[137.209181,37.293032],[137.165606,37.300834],[137.108721,37.28345],[137.092873,37.261366],[137.0713,37.238112],[137.070667,37.218644],[137.05437,37.210184],[137.032892,37.204664],[137.026952,37.191361],[137.014171,37.184882],[136.980235,37.196479],[136.960223,37.207339],[136.945883,37.217186],[136.956348,37.228067],[136.959954,37.23472],[136.95107,37.234483],[136.941806,37.22472],[136.930431,37.221625],[136.926524,37.213528],[136.916568,37.198207],[136.892598,37.173321],[136.880215,37.144153],[136.895668,37.138904],[136.893234,37.117534],[136.887753,37.110318],[136.868671,37.110912],[136.868117,37.089108],[136.860926,37.076775],[136.874685,37.069648],[136.893321,37.073065],[136.914236,37.082424],[136.933604,37.07982],[136.963227,37.051744],[136.980126,37.04686],[137.003992,37.055458],[137.024298,37.095409],[137.038687,37.102821],[137.04713,37.098822],[137.053966,37.07982],[137.048844,37.022926],[137.054446,36.96675],[137.027415,36.938843],[137.02504,36.913947],[136.987742,36.871022],[137.005544,36.835924],[137.052915,36.811044],[137.080696,36.790087],[137.12802,36.77684],[137.156993,36.76081],[137.197288,36.758125],[137.241442,36.765068],[137.298673,36.757009],[137.333344,36.762726],[137.35053,36.782309],[137.383606,36.800145],[137.394905,36.827223],[137.408356,36.845204],[137.412971,36.862011],[137.419531,36.877335],[137.413765,36.896892],[137.427108,36.922011],[137.447602,36.933539],[137.499347,36.955742],[137.586733,36.969894],[137.683279,36.987982],[137.807545,37.030805],[137.896739,37.057522],[137.999374,37.111054],[138.053396,37.130113],[138.076834,37.149726],[138.097502,37.171059],[138.164433,37.161699],[138.206953,37.169205],[138.244895,37.183789],[138.325103,37.231043],[138.437516,37.322037],[138.550629,37.377916],[138.577973,37.402899],[138.59683,37.435294],[138.62254,37.477543],[138.659735,37.524433],[138.718272,37.564846],[138.746593,37.596869],[138.765636,37.63467],[138.809426,37.760772],[138.827024,37.797287],[138.857677,37.827826],[138.930394,37.874923],[139.059881,37.945942],[139.068193,37.955094],[139.091339,37.954658],[139.132466,37.958829],[139.215943,37.989934],[139.239062,38.003155],[139.304535,38.041938],[139.408051,38.131903],[139.425141,38.151272],[139.432384,38.169135],[139.462169,38.374986],[139.47283,38.412502],[139.492686,38.454169],[139.529959,38.508002],[139.580089,38.606879],[139.599215,38.648254],[139.627059,38.681214],[139.716156,38.745673],[139.747406,38.778957],[139.773844,38.817117],[139.815274,38.941063],[139.857564,39.032284],[139.867306,39.062222],[139.874034,39.098456],[139.880626,39.114732],[139.891938,39.133205],[139.895844,39.152289],[139.89796,39.193305],[139.903581,39.224939],[139.916843,39.262499],[139.93181,39.287112],[139.96358,39.29882],[139.99531,39.327329],[140.020242,39.407581],[140.048577,39.50467],[140.059334,39.698066],[140.059296,39.727492],[140.039117,39.769282],[140.03909,39.793283],[140.027599,39.82453],[140.004568,39.850898],[139.966482,39.880072],[139.921397,39.898505],[139.877452,39.892808],[139.864268,39.882229],[139.854828,39.870836],[139.843761,39.861762],[139.825531,39.858059],[139.760102,39.858059],[139.751801,39.866278],[139.738129,39.891913],[139.730154,39.902737],[139.708669,39.924262],[139.704172,39.945157],[139.719438,39.952141],[139.70099,39.960661],[139.697731,39.988566],[139.700639,40.005636],[139.743452,39.982464],[139.800466,39.962592],[139.822113,39.961086],[139.866925,39.984297],[139.904193,40.017695],[139.978038,40.125474],[139.9935,40.169623],[139.988611,40.191114],[140.002842,40.22244],[140.011152,40.235458],[140.019899,40.33321],[140.024263,40.355016],[140.011734,40.367859],[139.998577,40.37716],[139.963455,40.403923],[139.946056,40.41885],[139.942638,40.434394],[139.945649,40.478095],[139.943533,40.52143],[139.942786,40.544586],[139.930978,40.554438],[139.928503,40.57097],[139.915155,40.586173],[139.876396,40.583438],[139.856781,40.590155],[139.860362,40.608791],[139.880385,40.625233],[139.900297,40.642475],[139.925842,40.646821],[139.938624,40.66985],[139.95954,40.677693],[139.970137,40.69365],[139.986877,40.7179],[139.998156,40.742104],[140.045977,40.76777],[140.06931,40.765583],[140.095138,40.749274],[140.107618,40.744073],[140.122359,40.744766],[140.140139,40.749576],[140.154774,40.761448],[140.198038,40.786453],[140.219088,40.778335],[140.240571,40.783515],[140.258067,40.79564],[140.270763,40.812405],[140.296641,40.873765],[140.309255,40.936225],[140.316254,40.954413],[140.315115,40.978502],[140.319238,40.999722],[140.321922,41.027445],[140.324834,41.027461],[140.340994,41.005072],[140.349826,40.998257],[140.362286,40.992879],[140.369594,40.986055],[140.382335,40.988267],[140.37588,41.012368],[140.369629,41.021662],[140.376861,41.028009],[140.385582,41.029425],[140.396511,41.027013],[140.407793,41.025698],[140.404462,41.034181],[140.398987,41.039372],[140.378972,41.038167],[140.368054,41.038385],[140.350586,41.038844],[140.344356,41.044022],[140.340665,41.050035],[140.333785,41.045611],[140.326905,41.041187],[140.323956,41.045285],[140.322645,41.070508],[140.321852,41.082921],[140.300162,41.111277],[140.281795,41.119202],[140.26473,41.120997],[140.248095,41.123361],[140.245477,41.133874],[140.256184,41.138897],[140.281505,41.140367],[140.303971,41.136681],[140.320433,41.14978],[140.329367,41.172113],[140.332774,41.191311],[140.32838,41.201321],[140.330089,41.211859],[140.332779,41.237153],[140.341006,41.246463],[140.338221,41.258896],[140.342283,41.265731],[140.359148,41.25395],[140.379064,41.244114],[140.391481,41.240443],[140.409434,41.224677],[140.435802,41.198147],[140.462248,41.183887],[140.483674,41.183468],[140.511068,41.197719],[140.524756,41.219976],[140.548598,41.226243],[140.593907,41.220178],[140.632702,41.194258],[140.642666,41.171379],[140.637011,41.144747],[140.634613,41.115465],[140.631033,41.105658],[140.631521,41.093085],[140.636974,41.071926],[140.641287,41.04149],[140.654552,41.00849],[140.673025,40.895575],[140.703122,40.853292],[140.752403,40.835187],[140.799223,40.839081],[140.830749,40.866838],[140.852068,40.883849],[140.870726,40.915135],[140.865709,40.922268],[140.862933,40.933564],[140.866885,40.940992],[140.870837,40.944852],[140.862808,40.947269],[140.853601,40.944919],[140.847246,40.947608],[140.84052,40.952972],[140.849216,40.956249],[140.861488,40.957134],[140.859488,40.965185],[140.861052,40.972043],[140.870963,40.977978],[140.868535,40.984267],[140.872102,40.989024],[140.882332,41.007822],[140.888675,41.010778],[140.902885,41.008996],[140.914406,40.996098],[140.938836,40.994341],[140.948703,40.990748],[140.957775,40.977915],[140.966432,40.969602],[140.981402,40.959769],[140.98179,40.953812],[140.979816,40.951732],[140.979421,40.951435],[140.976654,40.946087],[140.975066,40.937755],[140.979796,40.935664],[140.990977,40.934312],[141.010997,40.929511],[141.034936,40.918338],[141.047156,40.91475],[141.058222,40.916523],[141.068076,40.910848],[141.073919,40.900121],[141.083705,40.886413],[141.092767,40.881631],[141.111346,40.872633],[141.126269,40.872919],[141.147145,40.87884],[141.163776,40.891308],[141.185249,40.911215],[141.2264,40.987443],[141.236407,41.015722],[141.241903,41.082742],[141.247895,41.098131],[141.246366,41.106862],[141.252347,41.118759],[141.263463,41.126173],[141.272238,41.136578],[141.277882,41.15533],[141.27048,41.185204],[141.256101,41.211237],[141.235467,41.237973],[141.205911,41.26472],[141.183375,41.277063],[141.161232,41.278467],[141.152461,41.26398],[141.145978,41.255508],[141.136963,41.246697],[141.137639,41.242714],[141.143854,41.241663],[141.149636,41.248748],[141.156113,41.254796],[141.159115,41.256694],[141.158871,41.253232],[141.157009,41.248214],[141.14683,41.236289],[141.113372,41.214363],[141.094737,41.210265],[141.072376,41.196617],[141.058076,41.183068],[141.034135,41.185861],[141.005633,41.195763],[140.992054,41.193352],[140.977562,41.196478],[140.963068,41.189903],[140.946265,41.173289],[140.907789,41.173645],[140.890785,41.16378],[140.875356,41.166549],[140.86273,41.164123],[140.828502,41.146107],[140.814525,41.128462],[140.798155,41.128578],[140.765796,41.145019],[140.765301,41.184627],[140.765554,41.195956],[140.778168,41.206855],[140.784699,41.235148],[140.780396,41.251934],[140.793093,41.278422],[140.799284,41.303005],[140.803214,41.321187],[140.803148,41.329544],[140.815173,41.337562],[140.823631,41.36471],[140.827309,41.387559],[140.836951,41.418222],[140.853338,41.430339],[140.883828,41.46741],[140.89796,41.476142],[140.901052,41.481024],[140.907102,41.500799],[140.905716,41.513089],[140.899462,41.524175],[140.903629,41.528154],[140.907093,41.538548],[140.913572,41.546857],[140.926998,41.533325],[140.9508,41.521911],[140.964417,41.509077],[140.978057,41.497659],[140.993016,41.491068],[141.00334,41.487085],[141.021265,41.484118],[141.065307,41.481116],[141.10775,41.463869],[141.142909,41.433225],[141.159664,41.417123],[141.179954,41.405621],[141.184021,41.397415],[141.194998,41.387152],[141.235666,41.367585],[141.276096,41.353196],[141.317919,41.353047],[141.348811,41.36022],[141.382161,41.3726],[141.410353,41.390388],[141.431332,41.406088],[141.448197,41.418404],[141.460579,41.430223],[141.463866,41.426023],[141.466921,41.419328],[141.460431,41.413356],[141.463442,41.403817],[141.461849,41.400484],[141.453814,41.396351],[141.455595,41.391964],[141.459884,41.387963],[141.457465,41.377473],[141.445284,41.366184],[141.439884,41.351176],[141.431918,41.330021],[141.423794,41.312707],[141.408917,41.256677],[141.404284,41.230652],[141.403767,41.220633],[141.390817,41.161011],[141.394607,41.1382],[141.398285,41.128119],[141.394465,41.116468],[141.39473,41.102885],[141.396359,41.091731],[141.386307,41.030362],[141.388063,40.977232],[141.390262,40.933933],[141.393043,40.92175],[141.405553,40.816823],[141.423156,40.725772],[141.437387,40.670141],[141.470398,40.593418],[141.482412,40.574069],[141.49164,40.562327],[141.519696,40.537986],[141.532504,40.531398],[141.548214,40.531595],[141.559395,40.539399],[141.57555,40.542279],[141.582101,40.532799],[141.589261,40.522105],[141.623709,40.50137],[141.681,40.450995],[141.690929,40.442288],[141.719141,40.412835],[141.726085,40.393793],[141.743777,40.383922],[141.753574,40.369491],[141.758556,40.358954],[141.772797,40.33393],[141.775564,40.327582],[141.778494,40.315497],[141.785655,40.306871],[141.803477,40.290025],[141.830414,40.251166],[141.84197,40.225775],[141.834239,40.214342],[141.824474,40.211005],[141.815196,40.202867],[141.810232,40.192776],[141.813324,40.18358],[141.825938,40.175686],[141.852794,40.167222],[141.865001,40.159735],[141.877208,40.139309],[141.865896,40.127265],[141.847423,40.115139],[141.837576,40.09455],[141.842459,40.07038],[141.854991,40.054999],[141.919607,40.008857],[141.930349,40.004096],[141.941173,40.001451],[141.949555,39.996568],[141.955333,39.974921],[141.959646,39.964301],[141.961436,39.953681],[141.956798,39.943752],[141.945079,39.931301],[141.942231,39.924506],[141.952973,39.90644],[141.959239,39.898383],[141.966075,39.89175],[141.971853,39.883002],[141.975434,39.8522],[141.978689,39.839301],[142.002289,39.777574],[142.004893,39.772691],[142.003917,39.767401],[142.006847,39.760443],[142.0088,39.752753],[142.004893,39.745063],[141.993907,39.735297],[141.991222,39.730455],[141.983897,39.706977],[141.980968,39.662543],[141.978282,39.647854],[141.964854,39.625718],[141.96046,39.61164],[141.966319,39.598456],[142.012462,39.63581],[142.036143,39.638983],[142.031016,39.629625],[142.028982,39.622992],[142.030772,39.617499],[142.036143,39.61164],[142.027354,39.594713],[142.030772,39.584174],[142.059093,39.562893],[142.064138,39.559882],[142.068126,39.556383],[142.070323,39.550198],[142.069347,39.540473],[142.064708,39.536444],[142.059337,39.533271],[142.056651,39.526028],[142.050304,39.522691],[142.015147,39.488715],[141.999278,39.481024],[141.966319,39.47134],[141.952973,39.460761],[141.970876,39.443264],[141.996267,39.445258],[142.018891,39.459377],[142.028819,39.477932],[142.036388,39.483791],[142.050629,39.476996],[142.058442,39.466295],[142.046153,39.460761],[142.039887,39.454576],[142.038341,39.440253],[142.038097,39.424018],[142.031586,39.417304],[142.01059,39.415717],[142.00115,39.413642],[141.99171,39.414374],[141.980968,39.412421],[141.97169,39.406968],[141.950206,39.391547],[141.938731,39.385077],[141.964122,39.375556],[141.95338,39.362006],[141.926931,39.346422],[141.905284,39.330471],[141.924653,39.324897],[141.946788,39.33039],[141.967133,39.340969],[141.980968,39.350979],[141.983653,39.327135],[141.963715,39.312567],[141.914887,39.294867],[141.922862,39.290473],[141.928884,39.283881],[141.932628,39.275214],[141.924327,39.275824],[141.907237,39.274563],[141.899099,39.275214],[141.898204,39.262112],[141.899099,39.248521],[141.931488,39.247707],[141.947032,39.249701],[141.946788,39.248521],[141.949229,39.228013],[141.930024,39.212226],[141.90211,39.204332],[141.878673,39.207587],[141.881684,39.19245],[141.893728,39.186754],[141.92628,39.187079],[141.915782,39.169989],[141.895193,39.159369],[141.869477,39.153957],[141.843761,39.15233],[141.861095,39.138414],[141.908865,39.109768],[141.913341,39.097724],[141.890473,39.089545],[141.83546,39.104315],[141.817149,39.090888],[141.859711,39.07331],[141.871837,39.062934],[141.860525,39.059231],[141.848481,39.057034],[141.836111,39.05622],[141.823253,39.056708],[141.823253,39.049262],[141.833995,39.04442],[141.848155,39.035102],[141.855724,39.026068],[141.847423,39.021959],[141.806488,39.029486],[141.766368,39.024848],[141.745616,39.02619],[141.727712,39.036282],[141.728201,39.021715],[141.733653,39.010199],[141.741466,38.999498],[141.74822,38.98786],[141.736664,38.989325],[141.727061,38.987616],[141.71339,38.974189],[141.728282,38.969916],[141.733897,38.960517],[141.730235,38.951158],[141.717133,38.946845],[141.704112,38.950588],[141.690929,38.959621],[141.680024,38.970771],[141.673106,38.981024],[141.686209,38.985907],[141.693614,38.995307],[141.651052,38.996812],[141.638357,38.985419],[141.640554,38.965196],[141.645274,38.923],[141.668793,38.872626],[141.673595,38.851955],[141.65211,38.864325],[141.649262,38.869086],[141.645681,38.882636],[141.6421,38.888495],[141.636729,38.891099],[141.631521,38.889716],[141.625255,38.886908],[141.617849,38.885443],[141.598643,38.885199],[141.588552,38.882229],[141.584483,38.873114],[141.583751,38.854438],[141.586192,38.83511],[141.589366,38.826077],[141.587087,38.819241],[141.573253,38.806586],[141.530528,38.780829],[141.521658,38.768134],[141.531993,38.763332],[141.538829,38.756252],[141.549083,38.74079],[141.567068,38.728827],[141.572602,38.718655],[141.566417,38.703559],[141.559744,38.69953],[141.554454,38.702582],[141.549083,38.707017],[141.542817,38.707261],[141.537852,38.704088],[141.525401,38.689927],[141.51588,38.684272],[141.491059,38.677558],[141.480724,38.672553],[141.463064,38.661363],[141.463145,38.655463],[141.473888,38.645209],[141.485199,38.640855],[141.532237,38.638414],[141.535167,38.632025],[141.528087,38.617906],[141.517751,38.603827],[141.511404,38.597398],[141.467052,38.569525],[141.483084,38.557318],[141.499034,38.541653],[141.514659,38.534817],[141.529145,38.549018],[141.542247,38.533433],[141.547618,38.518622],[141.54713,38.502143],[141.542817,38.481391],[141.531749,38.484076],[141.524181,38.489691],[141.518728,38.497952],[141.514822,38.508043],[141.500662,38.470445],[141.494965,38.460883],[141.500743,38.457913],[141.503266,38.454657],[141.504893,38.450995],[141.507986,38.446601],[141.482921,38.440619],[141.471446,38.435736],[141.47047,38.429511],[141.477224,38.418443],[141.476817,38.409735],[141.47755,38.401557],[141.487559,38.392035],[141.499034,38.399604],[141.518403,38.40233],[141.537608,38.398179],[141.549083,38.385159],[141.53419,38.389838],[141.520356,38.39053],[141.509044,38.385159],[141.501231,38.371527],[141.525238,38.359931],[141.529307,38.339545],[141.529796,38.317939],[141.542817,38.302639],[141.537364,38.295071],[141.525401,38.267808],[141.518565,38.270453],[141.491222,38.292385],[141.48463,38.2956],[141.469981,38.296088],[141.46339,38.299221],[141.459972,38.306342],[141.46339,38.312405],[141.46754,38.317816],[141.467052,38.323065],[141.457774,38.330878],[141.425548,38.343573],[141.430837,38.350246],[141.439708,38.371527],[141.428071,38.380439],[141.419444,38.380683],[141.410492,38.377916],[141.398123,38.377672],[141.386241,38.380845],[141.37615,38.385443],[141.35377,38.402248],[141.333181,38.409003],[141.304454,38.407904],[141.229503,38.39411],[141.202403,38.38581],[141.180919,38.371161],[141.17213,38.347317],[141.174978,38.324368],[141.169688,38.322821],[141.15211,38.323065],[141.147716,38.329495],[141.131847,38.371527],[141.12322,38.366523],[141.114594,38.364651],[141.105968,38.366156],[141.09783,38.371527],[141.079438,38.360907],[141.064708,38.346625],[141.05421,38.329169],[141.048676,38.309475],[141.05836,38.313707],[141.069591,38.314887],[141.079112,38.311591],[141.083507,38.302639],[141.080577,38.294908],[141.07252,38.289537],[141.062266,38.284735],[141.052745,38.278713],[141.017345,38.244859],[140.987966,38.207017],[140.966807,38.170478],[140.925792,38.049384],[140.91863,38.007229],[140.91977,37.965155],[140.932628,37.89175],[140.93336,37.889228],[140.959266,37.849959],[140.993259,37.799838],[141.004595,37.764406],[141.008149,37.75019],[141.017426,37.739976],[141.022227,37.726955],[141.021983,37.706732],[141.019054,37.698635],[141.009288,37.685248],[141.007823,37.67886],[141.011404,37.672268],[141.025157,37.657945],[141.028168,37.648098],[141.04184,37.377143],[141.036143,37.344713],[141.014415,37.27147],[141.014496,37.239976],[141.007823,37.226752],[141.007823,37.133857],[141.005138,37.12287],[140.987966,37.089789],[140.974376,37.001776],[140.960297,36.966213],[140.925792,36.93891],[140.917247,36.936469],[140.891775,36.932115],[140.85906,36.914008],[140.835216,36.908433],[140.820323,36.894355],[140.812266,36.891181],[140.804373,36.885972],[140.801931,36.874579],[140.802257,36.857001],[140.797293,36.846503],[140.793142,36.837551],[140.75172,36.785061],[140.741873,36.768459],[140.693858,36.617987],[140.638927,36.53974],[140.623546,36.50609],[140.610118,36.433905],[140.610525,36.418158],[140.623546,36.379625],[140.624766,36.363593],[140.616873,36.337795],[140.579382,36.304759],[140.564107,36.283096],[140.566437,36.245837],[140.57838,36.160956],[140.609902,36.095057],[140.646034,36.01332],[140.789317,35.808661],[140.830821,35.761054],[140.841645,35.742418],[140.85255,35.737535],[140.859467,35.735378],[140.865001,35.733629],[140.874278,35.729234],[140.879405,35.720526],[140.868762,35.696754],[140.860665,35.687791],[140.846853,35.695258],[140.840211,35.704379],[140.828301,35.713969],[140.803144,35.709371],[140.77089,35.697051],[140.720789,35.682517],[140.716261,35.698791],[140.661056,35.688635],[140.596162,35.652075],[140.483467,35.565991],[140.42322,35.490644],[140.385919,35.380999],[140.40504,35.328925],[140.413097,35.301215],[140.404084,35.259509],[140.398838,35.222095],[140.394195,35.196592],[140.37763,35.176357],[140.348935,35.180516],[140.33048,35.157783],[140.333537,35.142348],[140.321214,35.130394],[140.303349,35.133403],[140.294368,35.146639],[140.27891,35.131988],[140.253325,35.134624],[140.237381,35.11243],[140.200067,35.114984],[140.155513,35.118075],[140.134603,35.122645],[140.105953,35.097603],[140.100805,35.075751],[140.075488,35.059269],[140.055537,35.058868],[140.021156,35.038429],[139.990968,35.020502],[139.980573,35.007514],[139.97487,34.990197],[139.964064,34.97596],[139.964648,34.959285],[139.962139,34.940851],[139.952388,34.927974],[139.94304,34.91865],[139.926396,34.907357],[139.9008,34.903013],[139.882939,34.901305],[139.870644,34.904727],[139.855791,34.902436],[139.8431,34.899982],[139.838145,34.90469],[139.821984,34.91211],[139.824965,34.921371],[139.823182,34.934922],[139.810831,34.94354],[139.778812,34.954139],[139.756994,34.956284],[139.752439,34.964738],[139.752777,34.975809],[139.765304,34.9765],[139.783622,34.974251],[139.794454,34.973449],[139.808513,34.976166],[139.820447,34.981368],[139.827105,34.990194],[139.840303,34.991003],[139.858653,34.986802],[139.865489,34.990546],[139.869965,34.999335],[139.867686,35.013332],[139.855968,35.020819],[139.835785,35.027248],[139.834646,35.037421],[139.846202,35.04682],[139.84962,35.05801],[139.847423,35.069322],[139.838064,35.088324],[139.835785,35.09927],[139.836436,35.135199],[139.818974,35.157663],[139.822113,35.1706],[139.819435,35.185048],[139.824609,35.199064],[139.851957,35.214668],[139.865151,35.224099],[139.866327,35.246205],[139.848318,35.271715],[139.849334,35.293554],[139.808138,35.305485],[139.782153,35.314177],[139.781003,35.318061],[139.80219,35.31735],[139.824158,35.328424],[139.824668,35.347009],[139.838745,35.359299],[139.844777,35.376205],[139.892743,35.364184],[139.907865,35.378719],[139.907315,35.392304],[139.900121,35.423104],[139.912823,35.434436],[139.940756,35.442518],[139.958672,35.45621],[139.982337,35.458668],[140.005859,35.473427],[140.020118,35.49121],[140.041455,35.513773],[140.071887,35.542857],[140.090156,35.540849],[140.097822,35.555322],[140.102049,35.567087],[140.08612,35.566805],[140.083018,35.585598],[140.0796,35.603583],[140.063827,35.615342],[140.047615,35.630775],[140.032878,35.640995],[140.00895,35.65976],[139.995779,35.656684],[139.983614,35.668645],[139.950414,35.672592],[139.920532,35.662067],[139.939579,35.636891],[139.912071,35.624087],[139.897168,35.614374],[139.891124,35.623114],[139.879405,35.625067],[139.87086,35.631293],[139.864243,35.632068],[139.850271,35.637519],[139.843272,35.628892],[139.837277,35.61455],[139.823888,35.622951],[139.820357,35.638049],[139.806825,35.638193],[139.800304,35.618638],[139.789147,35.603243],[139.774855,35.617637],[139.775625,35.641104],[139.765272,35.65351],[139.758162,35.631564],[139.768809,35.600979],[139.784804,35.580466],[139.785005,35.568165],[139.799056,35.54001],[139.786876,35.527167],[139.788097,35.513251],[139.786632,35.511542],[139.778575,35.501858],[139.74455,35.484305],[139.714077,35.464731],[139.688222,35.461107],[139.666897,35.467934],[139.651622,35.464586],[139.642302,35.454261],[139.662219,35.446481],[139.680545,35.438386],[139.687397,35.432176],[139.682043,35.418811],[139.68686,35.400702],[139.674571,35.400824],[139.649996,35.410551],[139.635792,35.401632],[139.642142,35.388481],[139.657238,35.377022],[139.654633,35.339423],[139.649669,35.326646],[139.650238,35.31037],[139.648358,35.297891],[139.657505,35.286647],[139.66439,35.298781],[139.676899,35.291537],[139.694184,35.268744],[139.734228,35.265203],[139.745453,35.248969],[139.725922,35.233303],[139.72934,35.229315],[139.730968,35.225898],[139.73227,35.222561],[139.728025,35.207084],[139.688796,35.209134],[139.666456,35.193893],[139.660589,35.178232],[139.670584,35.15998],[139.680349,35.149604],[139.685069,35.140448],[139.675059,35.136461],[139.664317,35.134833],[139.641514,35.139634],[139.625336,35.131781],[139.616285,35.134002],[139.611452,35.141973],[139.61607,35.152622],[139.614302,35.174043],[139.601793,35.201835],[139.623959,35.211617],[139.619918,35.21974],[139.604323,35.224234],[139.597595,35.238688],[139.569498,35.268857],[139.566254,35.276068],[139.560681,35.286928],[139.548513,35.287909],[139.544178,35.307893],[139.526603,35.302037],[139.506671,35.304173],[139.486664,35.300523],[139.466914,35.313319],[139.414856,35.318815],[139.330022,35.304476],[139.28205,35.296198],[139.233367,35.285324],[139.183538,35.263267],[139.145957,35.235227],[139.142426,35.184027],[139.158051,35.136461],[139.120771,35.150257],[139.088473,35.110058],[139.076732,35.075094],[139.075874,35.053177],[139.105968,35.049384],[139.101756,35.030542],[139.097091,35.011495],[139.086548,34.997305],[139.100603,34.974755],[139.130707,34.965155],[139.142589,34.942288],[139.148285,34.905097],[139.14088,34.870551],[139.119298,34.867389],[139.099073,34.856119],[139.08839,34.842271],[139.083995,34.828355],[139.074818,34.808969],[139.059086,34.79257],[139.051713,34.777788],[139.042983,34.767569],[139.026327,34.764247],[139.018989,34.75429],[139.010972,34.746621],[138.998759,34.733284],[139.002615,34.721829],[138.997081,34.715033],[138.98878,34.701402],[138.985606,34.683295],[138.987559,34.664781],[138.993663,34.649848],[138.982432,34.644477],[138.972667,34.645819],[138.964854,34.652533],[138.940826,34.661107],[138.895979,34.629046],[138.860949,34.613498],[138.835297,34.595893],[138.819998,34.602362],[138.806,34.613674],[138.794688,34.626288],[138.77139,34.647314],[138.777843,34.663316],[138.773936,34.670966],[138.766856,34.676215],[138.759044,34.678453],[138.751964,34.682074],[138.746593,34.691474],[138.745942,34.709174],[138.744001,34.728892],[138.756242,34.73747],[138.761829,34.748282],[138.774262,34.751288],[138.758761,34.782704],[138.748127,34.813209],[138.757893,34.829702],[138.762218,34.846422],[138.760265,34.849066],[138.760509,34.869371],[138.753839,34.879467],[138.762996,34.893987],[138.776787,34.904828],[138.789806,34.906806],[138.778494,34.922024],[138.773936,34.931627],[138.763693,34.956056],[138.761894,34.979903],[138.776802,35.003161],[138.78609,35.026439],[138.826595,35.023625],[138.855416,35.019027],[138.875128,35.020094],[138.893809,35.020006],[138.907563,35.030666],[138.853435,35.078222],[138.838537,35.099526],[138.803332,35.121909],[138.74422,35.134843],[138.696186,35.138976],[138.663632,35.127144],[138.63727,35.115985],[138.586786,35.11436],[138.554082,35.096069],[138.527651,35.050808],[138.497883,35.03257],[138.494883,35.000731],[138.50701,34.991072],[138.507023,35.011893],[138.520982,35.019373],[138.531617,35.016924],[138.514293,34.980178],[138.468363,34.95907],[138.429755,34.944734],[138.400505,34.932496],[138.367108,34.917309],[138.353353,34.904115],[138.346866,34.888189],[138.336436,34.874091],[138.328298,34.855292],[138.330089,34.845404],[138.340831,34.826483],[138.325889,34.807908],[138.314873,34.798369],[138.293228,34.765774],[138.249506,34.739023],[138.215989,34.712283],[138.201671,34.660102],[138.193614,34.641506],[138.200938,34.621568],[138.225052,34.616301],[138.240328,34.602561],[138.23329,34.594589],[138.190176,34.601228],[138.047237,34.65464],[137.967585,34.66654],[137.892798,34.667697],[137.792166,34.63939],[137.683506,34.670755],[137.595063,34.677191],[137.546998,34.677289],[137.427557,34.667746],[137.339703,34.647448],[137.140727,34.589289],[137.095821,34.593234],[137.044822,34.58063],[137.031505,34.579413],[137.016095,34.578785],[137.023596,34.590779],[137.029642,34.598015],[137.042486,34.617579],[137.05222,34.646803],[137.07283,34.664599],[137.101085,34.639146],[137.104503,34.632025],[137.11085,34.625434],[137.118699,34.633708],[137.12102,34.637661],[137.137031,34.645578],[137.153168,34.651313],[137.167654,34.656684],[137.197435,34.673934],[137.241111,34.696678],[137.259716,34.704145],[137.282255,34.731179],[137.298226,34.728215],[137.299671,34.706847],[137.295678,34.691204],[137.303452,34.689429],[137.30996,34.706598],[137.309256,34.725664],[137.33259,34.720338],[137.340819,34.726543],[137.312339,34.736675],[137.320815,34.755252],[137.324316,34.766845],[137.321544,34.773383],[137.297928,34.797191],[137.279959,34.808092],[137.266505,34.803139],[137.24581,34.809641],[137.222827,34.816263],[137.207715,34.80258],[137.194432,34.806999],[137.190843,34.788681],[137.188739,34.770112],[137.170839,34.763865],[137.171471,34.78405],[137.157474,34.781165],[137.140533,34.787813],[137.121549,34.788343],[137.10144,34.784596],[137.087447,34.776028],[137.072709,34.784964],[137.050166,34.777606],[137.028817,34.780157],[137.018248,34.783289],[137.002289,34.802395],[136.995616,34.808092],[136.976626,34.825507],[136.958231,34.832352],[136.962404,34.857996],[136.982595,34.898261],[136.978852,34.924221],[136.969493,34.911607],[136.956798,34.884833],[136.938487,34.860989],[136.931,34.846422],[136.925746,34.828271],[136.915564,34.77596],[136.926606,34.763617],[136.937266,34.746039],[136.96265,34.734964],[136.971857,34.713404],[136.971497,34.696411],[136.945392,34.698471],[136.913204,34.710874],[136.87811,34.72852],[136.855968,34.739814],[136.844594,34.752548],[136.842886,34.769077],[136.853014,34.787595],[136.856975,34.804758],[136.864734,34.821545],[136.864264,34.836526],[136.856286,34.856495],[136.843418,34.871163],[136.827726,34.871941],[136.822938,34.895623],[136.821766,34.919494],[136.822247,34.9383],[136.823465,34.954855],[136.833294,34.972092],[136.843814,34.989481],[136.856906,35.008037],[136.865881,35.02569],[136.879859,35.043837],[136.882796,35.071048],[136.88573,35.089195],[136.871821,35.093395],[136.85706,35.061787],[136.848865,35.039469],[136.844126,35.060767],[136.843152,35.075043],[136.830118,35.078831],[136.839327,35.03252],[136.813021,35.027386],[136.808959,35.048831],[136.799466,35.048559],[136.7979,35.024069],[136.778469,35.020402],[136.751801,35.02615],[136.744802,35.023424],[136.725597,35.027248],[136.681163,35.000922],[136.65919,34.983954],[136.649913,34.968899],[136.648692,34.962592],[136.643565,34.953192],[136.642426,34.948065],[136.644786,34.942369],[136.661667,34.940505],[136.645551,34.929787],[136.64826,34.9116],[136.639316,34.889049],[136.616115,34.853501],[136.565012,34.800119],[136.53494,34.765695],[136.527354,34.721259],[136.521658,34.701728],[136.519542,34.680854],[136.521658,34.676093],[136.532237,34.660142],[136.536306,34.656684],[136.546397,34.651597],[136.545665,34.639879],[136.541189,34.626207],[136.54005,34.615709],[136.551036,34.601996],[136.568126,34.596381],[136.612071,34.595893],[136.632986,34.591132],[136.648774,34.579739],[136.662608,34.565985],[136.677094,34.554267],[136.752289,34.513332],[136.803559,34.495266],[136.814464,34.486029],[136.824962,34.489447],[136.838878,34.489163],[136.852306,34.485541],[136.862153,34.479193],[136.868907,34.467353],[136.870779,34.456855],[136.873546,34.447089],[136.883311,34.437567],[136.896332,34.433417],[136.906993,34.434638],[136.916026,34.433987],[136.924327,34.423977],[136.925792,34.412909],[136.916759,34.376166],[136.904633,34.381171],[136.893077,34.382392],[136.883149,34.378852],[136.875255,34.36933],[136.879893,34.362738],[136.887218,34.357082],[136.897227,34.353949],[136.909923,34.355048],[136.894379,34.342719],[136.888682,34.336168],[136.883311,34.328315],[136.891287,34.317694],[136.897797,34.300971],[136.900238,34.282538],[136.895681,34.266913],[136.885997,34.260443],[136.850841,34.249254],[136.83546,34.246405],[136.818533,34.247626],[136.7942,34.253119],[136.775157,34.261868],[136.773448,34.273098],[136.787934,34.277411],[136.809255,34.273871],[136.8296,34.266547],[136.841645,34.259467],[136.83961,34.266059],[136.838064,34.275336],[136.83546,34.280504],[136.848481,34.273098],[136.856212,34.294176],[136.846446,34.307563],[136.827403,34.312405],[136.807465,34.307847],[136.809825,34.301093],[136.809744,34.297919],[136.80836,34.294623],[136.807465,34.28734],[136.773448,34.307847],[136.756602,34.296088],[136.725841,34.291002],[136.702647,34.295152],[136.708263,34.310981],[136.723399,34.331285],[136.706798,34.334296],[136.67628,34.326402],[136.649913,34.314114],[136.668142,34.309556],[136.667003,34.297919],[136.654796,34.286038],[136.622895,34.274604],[136.608084,34.264594],[136.59254,34.262641],[136.574067,34.280504],[136.568207,34.274319],[136.563975,34.271715],[136.561534,34.268378],[136.560557,34.259467],[136.532888,34.271674],[136.52296,34.273098],[136.517751,34.261217],[136.512218,34.252183],[136.50587,34.246405],[136.514822,34.229804],[136.50294,34.229071],[136.47169,34.238959],[136.427257,34.213772],[136.416515,34.20425],[136.384288,34.20425],[136.336681,34.184027],[136.299001,34.154283],[136.297048,34.125678],[136.30836,34.117825],[136.316417,34.114325],[136.319021,34.108832],[136.313487,34.094957],[136.308442,34.090033],[136.300304,34.085679],[136.291189,34.082506],[136.283458,34.081285],[136.273123,34.085842],[136.260753,34.105129],[136.252696,34.108588],[136.246349,34.103583],[136.230235,34.082099],[136.218516,34.075141],[136.218516,34.067613],[136.233084,34.067776],[136.243826,34.064154],[136.250499,34.056342],[136.252696,34.043443],[136.270763,34.028144],[136.279796,34.01732],[136.276622,34.012397],[136.274587,34.006741],[136.275401,33.979967],[136.273204,33.971422],[136.258637,33.965888],[136.247325,33.971503],[136.238617,33.982489],[136.232188,33.99315],[136.219005,33.981147],[136.204845,33.971422],[136.204845,33.965237],[136.22755,33.961737],[136.234711,33.948432],[136.228526,33.938381],[136.211111,33.94477],[136.206309,33.926947],[136.198904,33.920885],[136.164806,33.916164],[136.160492,33.913398],[136.15268,33.906236],[136.142589,33.893622],[136.136974,33.89057],[136.125743,33.889553],[136.104744,33.891411],[136.069317,33.847044],[136.017075,33.733899],[135.993744,33.686265],[135.990571,33.682522],[135.980724,33.652981],[135.961599,33.642524],[135.957286,33.625718],[135.937067,33.617473],[135.938736,33.603948],[135.959871,33.593088],[135.946071,33.57781],[135.912535,33.547687],[135.894209,33.541642],[135.884776,33.528998],[135.828063,33.513648],[135.809184,33.505037],[135.797993,33.495161],[135.782969,33.472891],[135.790216,33.453391],[135.789263,33.441062],[135.772024,33.444919],[135.76002,33.433336],[135.753846,33.451577],[135.770752,33.468229],[135.765571,33.481545],[135.668224,33.490465],[135.637543,33.494615],[135.490763,33.541227],[135.444835,33.550849],[135.40919,33.574205],[135.397505,33.582587],[135.387324,33.594067],[135.386813,33.607839],[135.392345,33.618883],[135.380707,33.637112],[135.375011,33.643134],[135.369395,33.644965],[135.358662,33.654207],[135.341967,33.657211],[135.327695,33.671193],[135.342945,33.693898],[135.379214,33.698111],[135.402354,33.701117],[135.391612,33.713568],[135.340831,33.745307],[135.321388,33.752924],[135.312102,33.765529],[135.294021,33.763716],[135.264345,33.781316],[135.232583,33.781998],[135.229848,33.798554],[135.196462,33.814765],[135.17335,33.838324],[135.152758,33.875854],[135.118684,33.892939],[135.10012,33.88984],[135.065454,33.885572],[135.05886,33.880033],[135.061307,33.88988],[135.066497,33.896408],[135.057362,33.901298],[135.064238,33.90602],[135.079127,33.906025],[135.077992,33.918552],[135.06956,33.930667],[135.084717,33.942214],[135.101222,33.954438],[135.094976,33.958691],[135.077335,33.958985],[135.075737,33.977488],[135.091998,33.992036],[135.113277,33.993387],[135.127935,33.998605],[135.153168,34.009752],[135.161632,34.02497],[135.162771,34.03974],[135.153087,34.04857],[135.133311,34.058295],[135.111095,34.065741],[135.094493,34.067613],[135.114919,34.101793],[135.117361,34.10342],[135.125499,34.106147],[135.128673,34.108588],[135.130544,34.113227],[135.130626,34.122382],[135.122839,34.137101],[135.148771,34.138076],[135.187022,34.135932],[135.189952,34.149604],[135.179698,34.165839],[135.165855,34.186723],[135.148774,34.185614],[135.135427,34.227688],[135.119629,34.242202],[135.092668,34.259887],[135.061044,34.267275],[135.0713,34.285793],[135.105031,34.318117],[135.208985,34.342278],[135.256564,34.376755],[135.281298,34.397428],[135.31969,34.428758],[135.353477,34.467483],[135.372562,34.484513],[135.374279,34.507756],[135.373208,34.518932],[135.390997,34.523649],[135.399138,34.532932],[135.408324,34.540975],[135.414379,34.558125],[135.415234,34.579968],[135.415782,34.609612],[135.407318,34.634201],[135.403591,34.658912],[135.412934,34.692084],[135.397574,34.686214],[135.381214,34.681263],[135.363244,34.689071],[135.341267,34.70851],[135.317485,34.706958],[135.286863,34.705443],[135.287301,34.67997],[135.253605,34.676998],[135.25489,34.70091],[135.220067,34.690774],[135.242349,34.650752],[135.210902,34.65518],[135.204403,34.677261],[135.18603,34.674909],[135.183976,34.651156],[135.111312,34.640382],[135.079546,34.627776],[135.045769,34.624967],[135.016846,34.642156],[134.979259,34.641018],[134.960297,34.643622],[134.937025,34.667369],[134.907625,34.677606],[134.888357,34.691474],[134.833344,34.721381],[134.800466,34.730902],[134.76238,34.756985],[134.744395,34.766547],[134.6963,34.77619],[134.566905,34.766547],[134.559906,34.768297],[134.554454,34.771633],[134.549083,34.773261],[134.542654,34.769965],[134.537852,34.766547],[134.531505,34.763129],[134.524913,34.760647],[134.519054,34.759711],[134.50587,34.760972],[134.49586,34.764553],[134.490489,34.77261],[134.491222,34.787055],[134.484548,34.785305],[134.478201,34.781928],[134.473155,34.776842],[134.471365,34.769965],[134.470063,34.761786],[134.467052,34.760972],[134.462576,34.76203],[134.457042,34.759711],[134.431407,34.730455],[134.422862,34.725572],[134.408702,34.726264],[134.398204,34.731513],[134.389659,34.737372],[134.381358,34.739814],[134.368419,34.735989],[134.357758,34.727362],[134.352224,34.716254],[134.354015,34.705146],[134.326671,34.704332],[134.276378,34.715237],[134.247813,34.718166],[134.220714,34.728461],[134.208751,34.728013],[134.216807,34.7119],[134.226899,34.707913],[134.278819,34.698228],[134.271007,34.696275],[134.251638,34.693752],[134.244802,34.691474],[134.224457,34.66767],[134.220225,34.66352],[134.21225,34.661363],[134.1963,34.652004],[134.178233,34.64883],[134.170665,34.645982],[134.155284,34.636868],[134.16212,34.632229],[134.170258,34.630764],[134.179698,34.63231],[134.189464,34.636868],[134.177257,34.614447],[134.14796,34.596991],[134.113048,34.585639],[134.083669,34.581529],[134.069347,34.585842],[134.047374,34.604641],[134.028819,34.608873],[133.994395,34.60871],[133.979259,34.605902],[133.953868,34.593004],[133.936697,34.587226],[133.925141,34.577867],[133.929454,34.561103],[133.942556,34.555121],[133.957367,34.564439],[133.98406,34.589057],[134.000743,34.594468],[134.019298,34.596829],[134.035655,34.593411],[134.046153,34.581529],[134.045665,34.56391],[134.033458,34.552476],[134.017589,34.543647],[134.005138,34.53384],[134.00766,34.530504],[134.008637,34.528551],[134.011974,34.520087],[133.983165,34.528632],[133.966563,34.506415],[133.953868,34.473822],[133.93629,34.451239],[133.85906,34.462877],[133.821788,34.462144],[133.826427,34.437567],[133.794444,34.442939],[133.780528,34.463365],[133.768891,34.488023],[133.743826,34.505845],[133.736827,34.502387],[133.730479,34.506985],[133.725759,34.516425],[133.723399,34.527574],[133.716563,34.520087],[133.699962,34.525946],[133.685069,34.520087],[133.669444,34.51081],[133.640636,34.501695],[133.596202,34.482327],[133.586192,34.475735],[133.583344,34.468695],[133.576671,34.463324],[133.568858,34.459906],[133.550466,34.457017],[133.543305,34.45307],[133.538097,34.448554],[133.532074,34.445014],[133.470063,34.423977],[133.509288,34.462104],[133.522472,34.483059],[133.50115,34.492174],[133.490245,34.489569],[133.468516,34.476996],[133.456554,34.472357],[133.430349,34.472968],[133.419119,34.467922],[133.414806,34.451239],[133.422211,34.445014]]],[[[143,42.08533153845856],[142.959727,42.105373],[142.75766,42.158393],[142.546397,42.250556],[142.459972,42.271308],[142.281016,42.366523],[142.222179,42.41177],[142.167752,42.459859],[142.06258,42.470728],[141.980968,42.51024],[141.925955,42.55858],[141.909353,42.565497],[141.888194,42.56977],[141.817149,42.599595],[141.726085,42.617174],[141.636485,42.61579],[141.549571,42.601142],[141.427745,42.564399],[141.262462,42.468248],[141.23463,42.458686],[141.215099,42.444525],[141.203298,42.441352],[141.191173,42.440334],[141.179698,42.437445],[141.168712,42.433295],[141.091563,42.391791],[141.073253,42.377143],[141.016775,42.316107],[141.000987,42.304836],[140.989757,42.301418],[140.977306,42.299628],[140.964692,42.300482],[140.952403,42.304836],[140.945811,42.310248],[140.937022,42.31977],[140.931651,42.328762],[140.936046,42.332709],[140.975434,42.326565],[140.984141,42.329047],[140.986827,42.33983],[140.97462,42.346625],[140.946951,42.353217],[140.926524,42.36518],[140.917979,42.372545],[140.91212,42.380561],[140.901378,42.420844],[140.733653,42.564154],[140.68629,42.579169],[140.662934,42.57982],[140.597423,42.571723],[140.525645,42.580634],[140.500662,42.579169],[140.45753,42.564276],[140.417003,42.538153],[140.38087,42.505072],[140.32545,42.432807],[140.303966,42.392971],[140.288585,42.350165],[140.281505,42.304836],[140.291759,42.259589],[140.321625,42.233954],[140.424083,42.192288],[140.456391,42.173082],[140.530284,42.111762],[140.548839,42.105536],[140.571951,42.107856],[140.610118,42.117621],[140.674083,42.122056],[140.693207,42.126166],[140.713552,42.13349],[140.773611,42.1022],[140.789317,42.07453],[140.837087,42.023627],[140.853689,42.011217],[140.891775,41.991523],[140.908458,41.978949],[140.974294,41.913764],[140.992198,41.902167],[141.011567,41.893744],[141.033702,41.888739],[141.059581,41.887112],[141.083263,41.882636],[141.106944,41.871772],[141.182791,41.818305],[141.199962,41.799465],[141.189952,41.79092],[141.143565,41.785793],[141.121593,41.779364],[141.104015,41.770413],[141.043305,41.723863],[141.006358,41.712144],[140.959972,41.721991],[140.874278,41.758246],[140.823985,41.770697],[140.775076,41.770413],[140.729991,41.749986],[140.708018,41.745551],[140.698578,41.759833],[140.706716,41.774115],[140.722423,41.783352],[140.733409,41.793647],[140.727224,41.811347],[140.708995,41.824408],[140.684825,41.829901],[140.660411,41.827135],[140.641612,41.81509],[140.631358,41.797309],[140.615733,41.754706],[140.604259,41.736274],[140.54477,41.712592],[140.534841,41.705268],[140.523448,41.698676],[140.470063,41.687201],[140.452891,41.681057],[140.433279,41.64468],[140.443207,41.563707],[140.432384,41.530829],[140.400645,41.513007],[140.274669,41.482367],[140.259532,41.472724],[140.241222,41.457221],[140.225841,41.437934],[140.219493,41.417182],[140.208995,41.401109],[140.185069,41.403795],[140.137462,41.420966],[140.126801,41.420478],[140.109711,41.414862],[140.100352,41.41352],[140.08839,41.416815],[140.062999,41.431342],[140.052094,41.434638],[140.038259,41.442572],[140.028168,41.461412],[140.014008,41.502875],[139.983653,41.560492],[139.979828,41.581732],[139.984223,41.603176],[140.003429,41.63467],[140.019542,41.696967],[140.071137,41.760199],[140.083018,41.800767],[140.087413,41.805121],[140.109386,41.803412],[140.117686,41.804511],[140.12672,41.814032],[140.129731,41.823228],[140.131358,41.845526],[140.130626,41.851508],[140.12436,41.860053],[140.123871,41.865953],[140.127778,41.870795],[140.134939,41.875149],[140.14503,41.879584],[140.147146,41.891343],[140.14796,41.907538],[140.151703,41.913764],[140.145193,41.929633],[140.139659,41.948717],[140.138438,41.967515],[140.14503,41.982652],[140.111827,42.011135],[140.061046,42.080024],[140.027599,42.105536],[139.927501,42.138902],[139.909353,42.156562],[139.908214,42.160834],[139.903087,42.165595],[139.883637,42.194973],[139.87436,42.199897],[139.843435,42.208564],[139.79835,42.235907],[139.787446,42.246772],[139.777599,42.271145],[139.767589,42.310981],[139.772309,42.330471],[139.784434,42.350816],[139.826182,42.402045],[139.836762,42.423896],[139.84962,42.469306],[139.849294,42.514146],[139.832774,42.588813],[139.843435,42.626939],[139.876964,42.663398],[139.917247,42.677232],[140.014008,42.681586],[140.037852,42.686021],[140.053884,42.694159],[140.09547,42.733791],[140.105154,42.739081],[140.115489,42.742092],[140.127615,42.742987],[140.135916,42.747138],[140.144298,42.756985],[140.16977,42.795844],[140.18336,42.810207],[140.200369,42.814276],[140.222911,42.801337],[140.245779,42.772935],[140.260753,42.760972],[140.281505,42.75727],[140.303233,42.769721],[140.309906,42.793199],[140.311778,42.815985],[140.319102,42.826239],[140.337413,42.834133],[140.352061,42.852973],[140.377126,42.893785],[140.393077,42.908515],[140.461192,42.958889],[140.503184,42.980048],[140.521169,42.996283],[140.52711,43.015448],[140.516856,43.029975],[140.501964,43.045722],[140.494395,43.068549],[140.487315,43.082709],[140.43922,43.134019],[140.406098,43.160224],[140.367931,43.183092],[140.338064,43.210517],[140.329356,43.250718],[140.360118,43.325181],[140.409516,43.324693],[140.43393,43.328437],[140.452891,43.338853],[140.458181,43.347968],[140.461192,43.358588],[140.465099,43.368069],[140.473318,43.373603],[140.487153,43.372382],[140.499685,43.36518],[140.510265,43.357001],[140.518077,43.353176],[140.535167,43.347886],[140.620942,43.301215],[140.638845,43.288886],[140.668793,43.260321],[140.68922,43.248358],[140.761404,43.223456],[140.771251,43.215522],[140.786306,43.200629],[140.796153,43.195502],[140.809906,43.19245],[140.912608,43.204169],[140.988292,43.226996],[141.011241,43.22899],[141.022309,43.223782],[141.012218,43.210517],[141.004405,43.193061],[141.021983,43.174994],[141.032563,43.172309],[141.069835,43.16885],[141.11085,43.156195],[141.135509,43.152411],[141.156505,43.143012],[141.169119,43.140855],[141.187266,43.141506],[141.200857,43.143622],[141.22755,43.154486],[141.303966,43.197252],[141.37086,43.250718],[141.397472,43.279731],[141.42335,43.317857],[141.440115,43.361721],[141.439708,43.407782],[141.427013,43.434556],[141.37086,43.497138],[141.359874,43.523586],[141.362478,43.543362],[141.374522,43.560533],[141.391368,43.579088],[141.372732,43.618232],[141.364024,43.627509],[141.366954,43.646308],[141.343923,43.690172],[141.337413,43.712836],[141.343598,43.731513],[141.358165,43.755805],[141.38502,43.791327],[141.40211,43.803616],[141.424815,43.814602],[141.448009,43.822496],[141.490571,43.827338],[141.51002,43.832587],[141.528168,43.841213],[141.584727,43.875434],[141.615733,43.902777],[141.640636,43.937934],[141.658946,43.983791],[141.667166,44.025092],[141.670177,44.066636],[141.655447,44.276923],[141.665701,44.31273],[141.747244,44.424221],[141.791759,44.596991],[141.796072,44.64175],[141.783458,44.765367],[141.753591,44.885443],[141.721853,44.955146],[141.586436,45.164374],[141.57488,45.206855],[141.583751,45.251166],[141.589692,45.258205],[141.609874,45.275865],[141.617849,45.285346],[141.622569,45.295966],[141.624685,45.305487],[141.627696,45.314399],[141.649181,45.34101],[141.650157,45.357367],[141.639008,45.388983],[141.637055,45.404446],[141.639415,45.421129],[141.64796,45.437201],[141.665701,45.450426],[141.677257,45.444322],[141.683604,45.436184],[141.68629,45.425523],[141.686778,45.412299],[141.692149,45.402289],[141.704438,45.402086],[141.727712,45.408881],[141.774099,45.412909],[141.823253,45.422553],[141.857595,45.440334],[141.868419,45.44302],[141.875336,45.448188],[141.877208,45.460191],[141.877208,45.473863],[141.878673,45.484036],[141.893891,45.500556],[141.919444,45.515855],[141.944998,45.520413],[141.96046,45.51024],[141.97755,45.48078],[141.987559,45.468492],[142.001801,45.463446],[142.017751,45.455715],[142.056651,45.402045],[142.096528,45.372301],[142.183116,45.325995],[142.221202,45.299628],[142.539317,45.018459],[142.614268,44.903876],[142.630707,44.883734],[142.665701,44.866645],[142.714041,44.80622],[142.907481,44.647406],[142.939789,44.634711],[142.981456,44.586493],[143,44.57693790282152]]],[[[129.296641,28.119574],[129.325531,28.123481],[129.347341,28.10692],[129.350434,28.086493],[129.323985,28.078599],[129.306407,28.094143],[129.303477,28.096015],[129.300792,28.100531],[129.295177,28.099066],[129.290538,28.09516],[129.290375,28.092922],[129.290701,28.088813],[129.285411,28.081488],[129.279145,28.077094],[129.276134,28.082017],[129.273611,28.083319],[129.263927,28.09634],[129.263031,28.099107],[129.251801,28.100002],[129.230642,28.096666],[129.221446,28.099107],[129.21811,28.106106],[129.215994,28.130845],[129.214122,28.140082],[129.187022,28.174994],[129.180837,28.190253],[129.195811,28.195461],[129.227712,28.195258],[129.221528,28.176011],[129.232595,28.170722],[129.269298,28.174872],[129.263927,28.167385],[129.256033,28.159166],[129.250499,28.151028],[129.251801,28.143785],[129.264171,28.134711],[129.287771,28.12519],[129.296641,28.119574]]],[[[130.030284,28.373481],[130.031016,28.356513],[130.021495,28.331285],[130.00766,28.306545],[129.995453,28.29092],[129.978201,28.283759],[129.956554,28.284817],[129.913585,28.297105],[129.975597,28.343248],[130.018321,28.364651],[130.030284,28.373481]]],[[[129.70753,28.462144],[129.711436,28.455634],[129.717296,28.450263],[129.72169,28.444037],[129.721039,28.434882],[129.715994,28.429145],[129.708507,28.428778],[129.700531,28.429999],[129.693858,28.428697],[129.681651,28.421088],[129.639415,28.405341],[129.625255,28.402737],[129.619314,28.400784],[129.616873,28.39647],[129.615245,28.389594],[129.611176,28.383124],[129.601899,28.380316],[129.581554,28.370673],[129.553966,28.328437],[129.533458,28.318834],[129.53004,28.314765],[129.498871,28.287502],[129.487315,28.282538],[129.461192,28.291693],[129.447439,28.29092],[129.454845,28.277248],[129.447765,28.266303],[129.439626,28.259019],[129.430431,28.254096],[129.420177,28.249945],[129.431651,28.241034],[129.456879,28.225735],[129.467947,28.215766],[129.415212,28.185736],[129.406505,28.184475],[129.401541,28.163316],[129.388682,28.162828],[129.371104,28.167222],[129.351817,28.160549],[129.364431,28.154039],[129.374522,28.140041],[129.379405,28.125963],[129.375987,28.119574],[129.365733,28.123196],[129.337576,28.147528],[129.286632,28.177924],[129.280284,28.190497],[129.281423,28.20482],[129.280772,28.218573],[129.269298,28.229438],[129.256358,28.214667],[129.242442,28.214301],[129.207856,28.229438],[129.173595,28.23607],[129.158946,28.240627],[129.145763,28.249945],[129.145763,28.256171],[129.15447,28.260321],[129.162852,28.262641],[129.171397,28.261664],[129.180512,28.256171],[129.208832,28.264228],[129.241384,28.256334],[129.270844,28.255357],[129.290375,28.284084],[129.253673,28.284573],[129.239513,28.290351],[129.227712,28.304592],[129.241466,28.312567],[129.252452,28.321519],[129.263927,28.328843],[129.288259,28.333075],[129.295665,28.336371],[129.316254,28.350165],[129.330577,28.363715],[129.331309,28.366034],[129.35727,28.368354],[129.380626,28.366767],[129.399587,28.371731],[129.413341,28.393297],[129.432302,28.386908],[129.450938,28.392035],[129.466156,28.404853],[129.475352,28.421291],[129.482432,28.411038],[129.492686,28.404853],[129.504405,28.399888],[129.516368,28.393297],[129.533458,28.430487],[129.560802,28.451117],[129.626231,28.482733],[129.613943,28.447984],[129.616466,28.438544],[129.632498,28.434882],[129.644054,28.439765],[129.654307,28.452135],[129.67335,28.482733],[129.672537,28.487616],[129.668793,28.495063],[129.667247,28.502997],[129.673106,28.509833],[129.687755,28.508979],[129.698009,28.494859],[129.70753,28.462144]]],[[[129.714854,29.654527],[129.745942,29.661038],[129.753754,29.645413],[129.743826,29.622301],[129.721039,29.606147],[129.712901,29.629299],[129.711436,29.642524],[129.714854,29.654527]]],[[[129.893565,29.874742],[129.897419,29.846915],[129.927257,29.825873],[129.92213,29.823147],[129.920421,29.819648],[129.863402,29.824607],[129.852348,29.839234],[129.840185,29.849729],[129.832772,29.873078],[129.850981,29.88673],[129.875336,29.878323],[129.879568,29.879136],[129.884044,29.878892],[129.888682,29.877509],[129.893565,29.874742]]],[[[130.674571,30.374579],[130.669444,30.339667],[130.647146,30.290513],[130.603751,30.252469],[130.57728,30.235906],[130.54683,30.231416],[130.51772,30.227492],[130.485977,30.225777],[130.437713,30.23897],[130.42714,30.255536],[130.410634,30.291556],[130.386264,30.339606],[130.379013,30.365876],[130.376247,30.394436],[130.386485,30.398139],[130.423361,30.398968],[130.441173,30.422309],[130.461182,30.441142],[130.467119,30.457225],[130.488345,30.457026],[130.498951,30.467962],[130.523692,30.449652],[130.567825,30.435942],[130.599588,30.412458],[130.638678,30.402661],[130.674571,30.374579]]],[[[131.052013,30.840237],[131.061538,30.840588],[131.062407,30.824529],[131.073595,30.799582],[131.087934,30.782606],[131.071208,30.769302],[131.070969,30.73733],[131.078937,30.699084],[131.053761,30.661868],[131.057803,30.642338],[131.057615,30.611269],[131.051319,30.597092],[131.037848,30.589171],[131.037699,30.572294],[131.035564,30.557209],[131.017912,30.551088],[131.003404,30.551167],[130.994034,30.532572],[130.982639,30.519305],[130.980474,30.497096],[130.966961,30.4794],[130.967899,30.464295],[130.964753,30.456319],[130.972954,30.44917],[130.978031,30.437597],[130.971769,30.426087],[130.969639,30.415439],[130.977797,30.40028],[130.963282,30.386144],[130.962177,30.372808],[130.943651,30.374681],[130.924083,30.369534],[130.906519,30.366015],[130.89102,30.355421],[130.885818,30.343851],[130.870381,30.343904],[130.867346,30.3537],[130.857118,30.366192],[130.860276,30.379525],[130.865515,30.397293],[130.862572,30.423947],[130.853398,30.440831],[130.849382,30.461264],[130.851495,30.470144],[130.861771,30.465663],[130.870002,30.463861],[130.876278,30.480705],[130.90114,30.503692],[130.930221,30.54086],[130.942149,30.56981],[130.950938,30.595038],[130.951274,30.610018],[130.948377,30.641109],[130.943309,30.65446],[130.94543,30.664215],[130.9393,30.672251],[130.952797,30.685496],[130.966345,30.701441],[130.985132,30.729776],[130.985239,30.741352],[130.999703,30.745686],[131.008139,30.767865],[131.006257,30.789247],[131.027176,30.819372],[131.039236,30.831448],[131.045258,30.836859],[131.052013,30.840237]]],[[[130.153087,32.203762],[130.176036,32.203355],[130.187266,32.196357],[130.194102,32.176418],[130.190766,32.164618],[130.173595,32.124335],[130.167328,32.114325],[130.149262,32.1105],[130.134613,32.117987],[130.127778,32.13231],[130.133311,32.149115],[130.12322,32.158922],[130.115082,32.175442],[130.111095,32.193305],[130.113292,32.207587],[130.121104,32.212633],[130.132009,32.21133],[130.153087,32.203762]]],[[[130.410004,32.511623],[130.440196,32.523993],[130.457042,32.52558],[130.468516,32.511623],[130.434825,32.492743],[130.392833,32.397162],[130.362315,32.374986],[130.358735,32.37995],[130.357921,32.391181],[130.358653,32.412909],[130.353852,32.42414],[130.34311,32.42182],[130.324474,32.409817],[130.284434,32.407538],[130.264822,32.403632],[130.241954,32.395494],[130.22169,32.421861],[130.213064,32.43651],[130.213634,32.450426],[130.218598,32.455959],[130.225108,32.458197],[130.239106,32.460273],[130.247895,32.464586],[130.267833,32.484198],[130.290294,32.497952],[130.305186,32.504055],[130.341563,32.51435],[130.363048,32.527086],[130.370942,32.527045],[130.377208,32.522895],[130.379649,32.515326],[130.383311,32.509426],[130.391775,32.508734],[130.410004,32.511623]]],[[[130.160492,32.546332],[130.189464,32.521796],[130.198985,32.48017],[130.201508,32.395494],[130.204112,32.387641],[130.206798,32.381252],[130.208344,32.373277],[130.205577,32.346625],[130.20338,32.338853],[130.199229,32.33275],[130.190684,32.323554],[130.181407,32.318264],[130.157725,32.310248],[130.153087,32.303371],[130.133311,32.265123],[130.127778,32.26142],[130.105317,32.252143],[130.096934,32.245022],[130.074962,32.220771],[130.061046,32.211859],[130.036876,32.199774],[130.011974,32.190619],[129.995453,32.19066],[129.994395,32.199897],[130.009125,32.252143],[129.997325,32.244045],[129.986339,32.244371],[129.975841,32.245917],[129.958344,32.237535],[129.958018,32.242377],[129.961274,32.252143],[129.965343,32.258205],[129.996267,32.282172],[130.016612,32.293118],[130.030121,32.295233],[130.042166,32.294501],[130.053233,32.296536],[130.064301,32.306789],[130.05421,32.306952],[130.046153,32.308254],[130.030284,32.313625],[130.0088,32.305894],[129.991466,32.314439],[129.979747,32.332994],[129.975271,32.355414],[129.976573,32.366441],[129.980479,32.375637],[129.98699,32.382961],[129.995453,32.388658],[129.989024,32.404486],[129.994395,32.42414],[130.006521,32.444037],[130.02003,32.460679],[130.030284,32.482408],[130.025401,32.502143],[130.00294,32.533352],[130.015473,32.532782],[130.02475,32.527737],[130.03297,32.521918],[130.043224,32.519029],[130.056488,32.521186],[130.076915,32.530992],[130.102794,32.536526],[130.120291,32.542873],[130.139822,32.547675],[130.160492,32.546332]]],[[[128.878427,32.673925],[128.893712,32.657618],[128.901134,32.646918],[128.901134,32.645982],[128.899262,32.642524],[128.880931,32.642359],[128.857899,32.643409],[128.817716,32.63459],[128.815488,32.64681],[128.793224,32.652493],[128.788097,32.648505],[128.779633,32.646796],[128.77589,32.642524],[128.772227,32.631903],[128.775157,32.627143],[128.780121,32.624823],[128.794959,32.610093],[128.792228,32.597942],[128.790201,32.586385],[128.77311,32.571666],[128.755382,32.580512],[128.736042,32.603494],[128.712413,32.604315],[128.662852,32.601549],[128.652631,32.591075],[128.618544,32.609536],[128.600439,32.614178],[128.603819,32.630598],[128.610606,32.642524],[128.613536,32.650214],[128.618175,32.659654],[128.624278,32.667304],[128.631847,32.669867],[128.633067,32.665473],[128.636241,32.643744],[128.638682,32.635159],[128.639659,32.641262],[128.65268,32.667914],[128.654307,32.677965],[128.654552,32.68887],[128.653494,32.699612],[128.650645,32.709296],[128.64796,32.713853],[128.64503,32.717963],[128.642589,32.722398],[128.642263,32.728013],[128.644054,32.733303],[128.650401,32.744534],[128.641768,32.761384],[128.65094,32.775413],[128.660818,32.782782],[128.679047,32.782904],[128.685738,32.770916],[128.699653,32.743771],[128.705365,32.747461],[128.721849,32.754283],[128.743175,32.758287],[128.779224,32.776625],[128.784125,32.788181],[128.80849,32.799908],[128.812022,32.782416],[128.810802,32.774888],[128.810557,32.766059],[128.827688,32.761903],[128.842296,32.759467],[128.849783,32.742743],[128.842069,32.703861],[128.855226,32.688864],[128.878427,32.673925]]],[[[139.791026,33.135321],[139.813162,33.123765],[139.838878,33.116685],[139.862315,33.107001],[139.877452,33.087592],[139.869395,33.075507],[139.845225,33.04678],[139.835785,33.039781],[139.820974,33.040269],[139.802908,33.047431],[139.787608,33.058417],[139.776378,33.079983],[139.743419,33.118598],[139.739757,33.133246],[139.750824,33.14525],[139.767751,33.149888],[139.791026,33.135321]]],[[[129.097992,32.988267],[129.109711,32.982896],[129.169628,33.005817],[129.182807,32.984686],[129.175955,32.966986],[129.156325,32.95849],[129.137218,32.938178],[129.117543,32.935841],[129.100352,32.919013],[129.092537,32.906608],[129.090551,32.89148],[129.098481,32.875149],[129.097992,32.868476],[129.096572,32.856942],[129.086192,32.857245],[129.06792,32.861183],[129.061495,32.848384],[129.068696,32.839179],[129.068533,32.825914],[129.064952,32.817816],[129.045723,32.822093],[129.04713,32.841457],[129.040414,32.862728],[129.041475,32.896],[129.04782,32.909965],[129.033051,32.933336],[129.024262,32.937893],[128.98878,32.944159],[128.979423,32.947609],[128.98146,32.960352],[128.998076,32.966534],[129.02042,32.980625],[129.035038,32.967404],[129.054454,32.979315],[129.042584,33.00016],[129.048622,33.039603],[129.065211,33.043954],[129.067645,33.019116],[129.077737,33.020398],[129.083995,33.023383],[129.084321,33.043199],[129.080997,33.056782],[129.085875,33.076208],[129.101725,33.082973],[129.106619,33.101188],[129.098547,33.114491],[129.096262,33.125375],[129.10818,33.166688],[129.117667,33.158859],[129.116387,33.140656],[129.112128,33.131535],[129.108594,33.122418],[129.115908,33.113975],[129.123911,33.109173],[129.11831,33.088531],[129.111967,33.070309],[129.102712,33.054493],[129.099271,33.035687],[129.097254,33.018106],[129.097992,32.988267]]],[[[129.555684,33.410805],[129.562163,33.366394],[129.555874,33.353145],[129.542028,33.335677],[129.527528,33.323477],[129.538317,33.315595],[129.52634,33.303384],[129.514342,33.298045],[129.514386,33.288012],[129.501148,33.280032],[129.502478,33.26526],[129.493095,33.245163],[129.446605,33.19852],[129.412591,33.178318],[129.376021,33.169719],[129.358084,33.176947],[129.342501,33.17962],[129.34496,33.190197],[129.349869,33.213468],[129.360701,33.198718],[129.384782,33.183493],[129.400157,33.185696],[129.406505,33.194037],[129.403087,33.197659],[129.396007,33.202582],[129.384665,33.2041],[129.377657,33.21464],[129.382005,33.22892],[129.393961,33.239526],[129.416769,33.23693],[129.408432,33.253824],[129.406411,33.274951],[129.437265,33.29668],[129.440896,33.32526],[129.442663,33.348066],[129.49513,33.358295],[129.50831,33.382092],[129.515914,33.378395],[129.522916,33.368377],[129.53931,33.379488],[129.523456,33.390567],[129.525321,33.404927],[129.555684,33.410805]]],[[[132.243663,33.79328],[132.252452,33.785346],[132.274099,33.772203],[132.27296,33.768541],[132.257335,33.766018],[132.236339,33.768541],[132.204438,33.782131],[132.188324,33.77969],[132.195323,33.793524],[132.208751,33.800116],[132.225759,33.799872],[132.243663,33.79328]]],[[[129.776378,33.773424],[129.799571,33.764838],[129.799653,33.751044],[129.783865,33.738186],[129.760379,33.737305],[129.735064,33.736739],[129.722767,33.716748],[129.721039,33.69774],[129.71046,33.700832],[129.690957,33.715612],[129.677294,33.729095],[129.681161,33.744218],[129.670763,33.750139],[129.657127,33.742555],[129.649304,33.75604],[129.646658,33.772773],[129.676931,33.760728],[129.687022,33.759182],[129.687022,33.766018],[129.660283,33.783592],[129.658269,33.803574],[129.656934,33.815454],[129.678402,33.814931],[129.673144,33.832218],[129.678952,33.848985],[129.68672,33.859796],[129.688648,33.871146],[129.700694,33.861558],[129.767263,33.84455],[129.76804,33.83665],[129.762203,33.823138],[129.762872,33.812344],[129.766787,33.802095],[129.781095,33.792393],[129.796886,33.786444],[129.79127,33.78498],[129.781912,33.781155],[129.776378,33.77969],[129.776378,33.773424]]],[[[132.236176,33.869045],[132.231212,33.863918],[132.22641,33.860663],[132.216319,33.855373],[132.208263,33.87519],[132.19337,33.89765],[132.18629,33.92121],[132.201915,33.94477],[132.226085,33.952704],[132.253591,33.9501],[132.27947,33.94123],[132.298188,33.930487],[132.326182,33.896308],[132.340099,33.897203],[132.353201,33.903388],[132.374034,33.916815],[132.380219,33.917548],[132.395274,33.915473],[132.401215,33.916815],[132.407074,33.923041],[132.409679,33.933905],[132.415538,33.937934],[132.427582,33.939887],[132.453949,33.937567],[132.469493,33.937934],[132.457856,33.92768],[132.436534,33.903551],[132.428477,33.902533],[132.418956,33.905666],[132.394542,33.899319],[132.384776,33.894192],[132.380707,33.88642],[132.379405,33.861884],[132.377452,33.852037],[132.374034,33.841702],[132.362559,33.845445],[132.340587,33.844957],[132.332367,33.847968],[132.32838,33.856513],[132.3296,33.86579],[132.328624,33.875067],[132.318614,33.883287],[132.311778,33.875881],[132.298106,33.884019],[132.29184,33.87873],[132.288829,33.868354],[132.284516,33.861558],[132.272146,33.860419],[132.254649,33.865668],[132.243663,33.861558],[132.236176,33.869045]]],[[[139.487071,34.060777],[139.494395,34.09276],[139.523448,34.112372],[139.556326,34.113471],[139.575043,34.090033],[139.56129,34.058092],[139.534516,34.037543],[139.506114,34.035875],[139.487071,34.060777]]],[[[132.555186,34.071357],[132.532237,34.082099],[132.478038,34.080471],[132.455333,34.088121],[132.473969,34.105211],[132.497325,34.117133],[132.51002,34.131822],[132.496837,34.15705],[132.506602,34.167792],[132.519298,34.174384],[132.532481,34.177314],[132.543305,34.176703],[132.551524,34.17064],[132.549001,34.166327],[132.547862,34.161689],[132.545095,34.158149],[132.537852,34.15705],[132.546235,34.144965],[132.549001,34.133368],[132.54949,34.121487],[132.551524,34.108588],[132.577647,34.118883],[132.580577,34.09984],[132.569835,34.075873],[132.555186,34.071357]]],[[[132.999475,34.208377],[132.963878,34.191881],[132.954845,34.198188],[132.962901,34.218451],[132.969493,34.223049],[132.98585,34.226955],[132.990896,34.232123],[132.99171,34.242255],[132.987315,34.248847],[132.97934,34.252183],[132.969737,34.252631],[132.98878,34.273017],[133.01002,34.291246],[133.03004,34.295315],[133.044932,34.273098],[133.055675,34.242377],[133.051768,34.222317],[133.034841,34.207343],[132.999475,34.208377]]],[[[129.312528,34.279756],[129.316784,34.294469],[129.342583,34.293052],[129.347103,34.286978],[129.34296,34.278278],[129.32561,34.271385],[129.318076,34.25835],[129.321053,34.240796],[129.324803,34.229253],[129.309384,34.219052],[129.297464,34.218658],[129.298021,34.213177],[129.302579,34.209285],[129.299714,34.197823],[129.29809,34.181964],[129.297212,34.170476],[129.294494,34.166678],[129.287848,34.16512],[129.283735,34.157505],[129.283519,34.146005],[129.276587,34.129111],[129.264583,34.123787],[129.262424,34.114496],[129.25109,34.10757],[129.248297,34.099927],[129.235858,34.100763],[129.2318,34.094814],[129.220421,34.088878],[129.216062,34.098339],[129.210731,34.099961],[129.198307,34.110992],[129.190308,34.114811],[129.177629,34.10893],[129.171634,34.106807],[129.170354,34.146816],[129.178803,34.169765],[129.17588,34.195509],[129.1805,34.227217],[129.18926,34.234227],[129.188822,34.249553],[129.195885,34.272993],[129.198535,34.316228],[129.207361,34.329277],[129.225245,34.327403],[129.228461,34.320781],[129.224356,34.312611],[129.224053,34.293443],[129.230672,34.293363],[129.238718,34.299287],[129.24822,34.300442],[129.262043,34.307761],[129.275288,34.307597],[129.270787,34.31532],[129.268925,34.322464],[129.280197,34.322872],[129.289385,34.317824],[129.302462,34.307787],[129.301436,34.288097],[129.312528,34.279756]]],[[[139.270356,34.395982],[139.279552,34.402777],[139.291515,34.414537],[139.300955,34.417914],[139.302501,34.399726],[139.296397,34.367865],[139.283458,34.336859],[139.267833,34.322699],[139.253673,34.341376],[139.254649,34.353461],[139.265391,34.388617],[139.270356,34.395982]]],[[[135.002682,34.608423],[135.028168,34.59101],[135.030121,34.578843],[135.018413,34.566048],[135.003277,34.551575],[134.9954,34.530233],[134.984141,34.505764],[134.956301,34.484877],[134.932542,34.453482],[134.902973,34.419006],[134.897227,34.381496],[134.895763,34.372748],[134.898936,34.360826],[134.899675,34.349036],[134.91627,34.338284],[134.918613,34.320394],[134.926183,34.308495],[134.95045,34.28734],[134.958254,34.270356],[134.937984,34.262755],[134.90947,34.25718],[134.884906,34.244481],[134.856118,34.236007],[134.833858,34.22661],[134.80005,34.200754],[134.751875,34.191955],[134.728677,34.190939],[134.72687,34.20997],[134.705379,34.217968],[134.702163,34.221199],[134.713596,34.23997],[134.723888,34.252631],[134.688114,34.24358],[134.666515,34.26553],[134.657169,34.288204],[134.669635,34.302065],[134.68326,34.328226],[134.705156,34.323168],[134.720814,34.329789],[134.798956,34.446794],[134.824229,34.460842],[134.84254,34.470282],[134.850434,34.475735],[134.856456,34.483303],[134.865001,34.500678],[134.871349,34.509589],[134.883831,34.529489],[134.922461,34.546082],[134.93811,34.550906],[134.963063,34.580816],[134.981333,34.602402],[135.002682,34.608423]]],[[[129.452647,34.619452],[129.462901,34.609117],[129.478201,34.597113],[129.475374,34.588451],[129.473102,34.579332],[129.464241,34.554274],[129.446083,34.514776],[129.402326,34.481647],[129.379473,34.452623],[129.384288,34.424018],[129.361831,34.405486],[129.359464,34.390622],[129.375506,34.394416],[129.393181,34.4108],[129.394422,34.403332],[129.388598,34.389659],[129.384312,34.383416],[129.388145,34.366755],[129.399587,34.355048],[129.407969,34.35158],[129.400756,34.337924],[129.386053,34.331258],[129.379161,34.324652],[129.368242,34.307432],[129.343833,34.300314],[129.324512,34.304593],[129.305464,34.324875],[129.320905,34.333849],[129.345064,34.327244],[129.347003,34.355852],[129.334596,34.360591],[129.316204,34.342496],[129.305104,34.343206],[129.304059,34.362123],[129.304938,34.372424],[129.309322,34.384402],[129.297384,34.377105],[129.287444,34.365768],[129.293398,34.349078],[129.286359,34.344008],[129.271992,34.356219],[129.248291,34.351925],[129.228913,34.355601],[129.235384,34.368132],[129.259727,34.369553],[129.272349,34.375697],[129.273751,34.412932],[129.268569,34.433051],[129.277089,34.441527],[129.286864,34.443112],[129.29169,34.440756],[129.297389,34.447546],[129.310867,34.460511],[129.308895,34.466841],[129.293328,34.453327],[129.280734,34.450647],[129.276044,34.462188],[129.289024,34.487237],[129.304931,34.520287],[129.326119,34.535439],[129.325546,34.542327],[129.308456,34.560387],[129.290945,34.556072],[129.289107,34.569867],[129.303359,34.586877],[129.307844,34.603463],[129.3233,34.648072],[129.33657,34.648411],[129.360968,34.648007],[129.378337,34.644852],[129.39037,34.654471],[129.409662,34.675173],[129.425745,34.677801],[129.418228,34.685392],[129.423305,34.695071],[129.438615,34.693713],[129.45062,34.701002],[129.464561,34.700805],[129.470664,34.692685],[129.480724,34.683987],[129.487751,34.676397],[129.483278,34.662697],[129.477579,34.657036],[129.46912,34.652559],[129.478142,34.650721],[129.487802,34.646006],[129.488278,34.635678],[129.480913,34.61991],[129.472423,34.616767],[129.461925,34.621894],[129.452647,34.619452]]],[[[139.418224,34.780829],[139.437755,34.771918],[139.450043,34.756781],[139.456716,34.737128],[139.458507,34.715033],[139.457856,34.689887],[139.453787,34.678941],[139.442719,34.676703],[139.421641,34.677191],[139.359353,34.702299],[139.351195,34.720034],[139.352014,34.76734],[139.356465,34.797229],[139.400645,34.788642],[139.418224,34.780829]]],[[[133.012462,36.014797],[133.024181,36.02558],[133.045177,36.020006],[133.066661,36.006537],[133.079112,35.993638],[133.064952,35.995063],[133.027843,35.993638],[133.021332,35.995754],[133.016124,36.000922],[133.01295,36.007799],[133.012462,36.014797]]],[[[133.367035,36.274237],[133.381847,36.257717],[133.379242,36.208238],[133.373383,36.197699],[133.360199,36.191636],[133.35255,36.203518],[133.343516,36.204332],[133.334321,36.198879],[133.32602,36.191636],[133.337657,36.184394],[133.341319,36.175035],[133.337413,36.165595],[133.32602,36.158149],[133.31837,36.158433],[133.278331,36.164984],[133.256358,36.164984],[133.249766,36.16828],[133.202647,36.202297],[133.192638,36.205959],[133.187755,36.216132],[133.1963,36.277981],[133.209483,36.297187],[133.292003,36.342475],[133.292817,36.330552],[133.300792,36.325873],[133.311209,36.324286],[133.32016,36.321845],[133.323497,36.318345],[133.326508,36.309394],[133.329438,36.304918],[133.335704,36.30093],[133.348643,36.297593],[133.354015,36.294664],[133.359386,36.28856],[133.363617,36.279283],[133.367035,36.274237]]],[[[138.459239,38.069892],[138.49464,38.066962],[138.540782,38.076728],[138.575206,38.074286],[138.575206,38.035102],[138.565929,38.016343],[138.524425,37.963446],[138.513194,37.94481],[138.500499,37.906684],[138.486501,37.89175],[138.370372,37.828762],[138.265147,37.798326],[138.243175,37.796129],[138.232595,37.797675],[138.222667,37.802232],[138.215099,37.809556],[138.212169,37.819403],[138.215505,37.830268],[138.223888,37.834174],[138.272146,37.842231],[138.283214,37.848334],[138.287852,37.861029],[138.287852,37.905992],[138.298595,37.922431],[138.330821,37.95189],[138.34254,37.966864],[138.314789,37.997463],[138.247895,37.978502],[138.232677,38.007758],[138.232595,38.031317],[138.235606,38.052151],[138.242198,38.071479],[138.253103,38.090318],[138.294688,38.136176],[138.310069,38.168118],[138.329112,38.181952],[138.348155,38.192816],[138.3567,38.203599],[138.401866,38.241197],[138.428559,38.256293],[138.469412,38.313178],[138.478038,38.319566],[138.489513,38.322455],[138.514171,38.323065],[138.52003,38.318508],[138.519298,38.30744],[138.507091,38.241441],[138.486583,38.181301],[138.443858,38.10224],[138.438162,38.083482],[138.437511,38.063788],[138.443207,38.051947],[138.451508,38.052436],[138.459239,38.069892]]],[[[139.548513,42.243354],[139.56422,42.231757],[139.553966,42.211575],[139.520681,42.174506],[139.513682,42.148179],[139.512706,42.123725],[139.508962,42.100816],[139.493907,42.078843],[139.455333,42.051581],[139.445649,42.054836],[139.435395,42.062934],[139.429454,42.073798],[139.432384,42.08511],[139.427257,42.09394],[139.425059,42.102688],[139.425059,42.122992],[139.422699,42.131496],[139.412852,42.143988],[139.410818,42.153998],[139.414317,42.172512],[139.423839,42.191596],[139.437022,42.207221],[139.452159,42.215318],[139.463715,42.216254],[139.485525,42.221137],[139.497325,42.222235],[139.509125,42.225775],[139.538341,42.240668],[139.548513,42.243354]]],[[[141.327159,45.172349],[141.335623,45.157782],[141.328461,45.14765],[141.316417,45.137926],[141.310069,45.124579],[141.304454,45.120185],[141.268403,45.10102],[141.251231,45.099189],[141.235362,45.102484],[141.181814,45.126614],[141.150076,45.147121],[141.131114,45.170152],[141.145518,45.189765],[141.14088,45.196031],[141.135509,45.206122],[141.131847,45.210273],[141.167166,45.239976],[141.179698,45.244371],[141.202647,45.249091],[141.235199,45.241278],[141.268321,45.225531],[141.292979,45.206529],[141.327159,45.172349]]],[[[141.052745,45.450426],[141.069021,45.442694],[141.073578,45.424709],[141.059093,45.321967],[141.049571,45.292914],[141.035655,45.264879],[141.029063,45.27851],[141.029959,45.283922],[141.035655,45.292182],[141.010509,45.327786],[140.998871,45.350002],[140.994151,45.371039],[141.000987,45.419135],[140.996349,45.430243],[140.966807,45.463446],[140.974132,45.467719],[140.980642,45.46894],[140.986095,45.467434],[140.990489,45.463365],[140.993175,45.458808],[141.006602,45.440416],[141.02003,45.439846],[141.03533,45.446234],[141.052745,45.450426]]],[[[130.220063,30.471584],[130.242867,30.463612],[130.262144,30.447032],[130.262157,30.435024],[130.240634,30.434936],[130.231845,30.423542],[130.212468,30.420691],[130.193082,30.439563],[130.194387,30.452148],[130.190381,30.461299],[130.173115,30.454422],[130.163108,30.468717],[130.151777,30.477863],[130.141766,30.489301],[130.165051,30.48989],[130.191016,30.476172],[130.202306,30.481901],[130.220063,30.471584]]],[[[134.367361,34.554267],[134.363292,34.545356],[134.365733,34.536282],[134.370616,34.525865],[134.374278,34.513332],[134.368907,34.484361],[134.346934,34.430813],[134.342133,34.439683],[134.332774,34.44477],[134.32016,34.446479],[134.305919,34.445014],[134.305919,34.451239],[134.324962,34.453681],[134.3296,34.462388],[134.320649,34.46894],[134.299083,34.464911],[134.284923,34.452297],[134.274181,34.435004],[134.26238,34.420885],[134.244395,34.417711],[134.248709,34.453192],[134.243175,34.463853],[134.223399,34.472357],[134.204845,34.471584],[134.185883,34.466051],[134.170177,34.465481],[134.161388,34.479193],[134.171723,34.485907],[134.172537,34.496649],[134.171072,34.508938],[134.175059,34.520087],[134.203787,34.512437],[134.228282,34.518378],[134.271251,34.540676],[134.283214,34.543647],[134.319021,34.54682],[134.353689,34.554389],[134.367361,34.554267]]],[[[129.591563,29.4501],[129.587413,29.458238],[129.591319,29.467963],[129.598155,29.472357],[129.601085,29.47134],[129.603526,29.46955],[129.608084,29.469224],[129.610688,29.465562],[129.615408,29.455227],[129.612315,29.443345],[129.59962,29.443345],[129.591563,29.4501]]],[[[129.52768,29.90233],[129.528575,29.908922],[129.535411,29.909857],[129.543305,29.908149],[129.550141,29.903876],[129.554454,29.897528],[129.551524,29.893622],[129.539887,29.889879],[129.533051,29.8935],[129.52768,29.90233]]],[[[129.943696,29.965277],[129.945323,29.961615],[129.948009,29.959459],[129.948009,29.958564],[129.940929,29.953192],[129.923812,29.95792],[129.913333,29.960902],[129.903087,29.970852],[129.900645,29.972561],[129.89975,29.975653],[129.901134,29.980699],[129.903575,29.984361],[129.912364,29.991889],[129.909028,29.999335],[129.913422,30.000312],[129.92199,30.00473],[129.927135,29.993404],[129.934153,29.982102],[129.943696,29.965277]]],[[[140.307628,30.491156],[140.317149,30.491156],[140.325938,30.485175],[140.318614,30.475531],[140.306488,30.473619],[140.301606,30.480699],[140.301443,30.486274],[140.307628,30.491156]]],[[[129.428233,30.846422],[129.430919,30.848212],[129.433849,30.84455],[129.429454,30.840888],[129.428233,30.846422]]],[[[129.9463,30.844713],[129.958263,30.836982],[129.959809,30.828681],[129.950369,30.819322],[129.939464,30.813422],[129.927745,30.813422],[129.911957,30.81977],[129.910411,30.821967],[129.909841,30.825873],[129.903982,30.834418],[129.908214,30.838446],[129.915863,30.841946],[129.925548,30.849595],[129.93214,30.851752],[129.939952,30.848944],[129.9463,30.844713]]],[[[140.043468,31.443101],[140.044444,31.445054],[140.045665,31.443305],[140.043468,31.443101]]],[[[140.04127,31.444159],[140.041352,31.446479],[140.043142,31.444566],[140.041515,31.443101],[140.04127,31.444159]]],[[[139.756358,32.452297],[139.757091,32.470364],[139.773774,32.440985],[139.756358,32.452297]]],[[[139.299083,33.650092],[139.296153,33.651068],[139.299083,33.650702],[139.299083,33.650092]]],[[[139.622813,33.885565],[139.629568,33.871731],[139.628754,33.865709],[139.622895,33.856757],[139.610199,33.852851],[139.594249,33.854722],[139.581309,33.862535],[139.579763,33.880316],[139.592459,33.895819],[139.60963,33.896389],[139.618988,33.890123],[139.622813,33.885565]]],[[[139.372895,41.522162],[139.378266,41.519232],[139.381847,41.513577],[139.374278,41.50434],[139.345551,41.493354],[139.340831,41.497504],[139.336436,41.511135],[139.336436,41.5185],[139.340343,41.52383],[139.348155,41.524237],[139.355724,41.522162],[139.372895,41.522162]]],[[[129.93336,31.867825],[129.928477,31.863918],[129.927745,31.859524],[129.929698,31.85342],[129.928071,31.846503],[129.928477,31.840399],[129.931163,31.836371],[129.931488,31.833482],[129.92921,31.826728],[129.922211,31.81981],[129.912771,31.819485],[129.903331,31.818061],[129.889903,31.810736],[129.875987,31.811265],[129.868663,31.818427],[129.863292,31.820868],[129.85906,31.823676],[129.857432,31.828559],[129.85377,31.83515],[129.847423,31.843411],[129.846528,31.850898],[129.853526,31.85517],[129.850434,31.857408],[129.839529,31.853664],[129.831798,31.843736],[129.824229,31.842271],[129.820567,31.845526],[129.820323,31.851874],[129.82309,31.863023],[129.831798,31.873521],[129.844981,31.880601],[129.864513,31.875556],[129.902029,31.848131],[129.909923,31.845689],[129.912771,31.851874],[129.908458,31.861802],[129.913422,31.867743],[129.928559,31.869696],[129.93336,31.867825]]],[[[130.243907,32.301825],[130.260265,32.295071],[130.266449,32.287055],[130.263031,32.281317],[130.253591,32.271633],[130.242849,32.263088],[130.232677,32.258775],[130.223155,32.257066],[130.215099,32.252672],[130.210704,32.255357],[130.210948,32.265774],[130.212901,32.276679],[130.217052,32.286933],[130.222911,32.29206],[130.228526,32.293036],[130.231212,32.295111],[130.23227,32.298651],[130.243907,32.301825]]],[[[130.446788,32.596829],[130.452647,32.590644],[130.453868,32.580064],[130.450938,32.563422],[130.445811,32.552558],[130.431895,32.549872],[130.424571,32.54682],[130.427582,32.537299],[130.421397,32.540758],[130.40919,32.549262],[130.406749,32.560981],[130.411388,32.573879],[130.407725,32.581732],[130.399669,32.586412],[130.398774,32.593166],[130.413585,32.613593],[130.416515,32.613959],[130.41684,32.610053],[130.420095,32.611558],[130.428477,32.617662],[130.436534,32.620673],[130.446462,32.616604],[130.452891,32.610989],[130.450043,32.603258],[130.446788,32.596829]]],[[[132.562022,32.742133],[132.568614,32.734361],[132.571544,32.725491],[132.570811,32.717271],[132.563243,32.709947],[132.549653,32.704291],[132.543224,32.708441],[132.540538,32.721503],[132.539887,32.733791],[132.543793,32.745592],[132.548595,32.7508],[132.554942,32.747504],[132.557953,32.745307],[132.562022,32.742133]]],[[[128.89975,32.818305],[128.902843,32.814154],[128.908539,32.801337],[128.907237,32.794013],[128.894867,32.781724],[128.882335,32.765286],[128.875336,32.763495],[128.866466,32.76496],[128.847911,32.774888],[128.840099,32.777574],[128.835216,32.787665],[128.835948,32.818996],[128.834646,32.827053],[128.83725,32.833808],[128.846202,32.834866],[128.856944,32.830024],[128.863455,32.818834],[128.866222,32.807359],[128.869884,32.801093],[128.873871,32.798733],[128.875011,32.801744],[128.874197,32.804348],[128.873383,32.807847],[128.870779,32.816067],[128.866222,32.825385],[128.862966,32.835273],[128.868175,32.837836],[128.892263,32.823717],[128.89975,32.818305]]],[[[128.953136,32.874213],[128.955414,32.863105],[128.958018,32.841498],[128.954438,32.830715],[128.946951,32.82803],[128.944591,32.823391],[128.947765,32.81981],[128.949392,32.813381],[128.945079,32.804348],[128.94044,32.804429],[128.938487,32.812934],[128.931977,32.817125],[128.923025,32.818061],[128.920584,32.820746],[128.924083,32.824612],[128.924001,32.829657],[128.920177,32.835028],[128.915701,32.838853],[128.909923,32.842434],[128.895763,32.856431],[128.889659,32.85814],[128.883149,32.855943],[128.880707,32.862616],[128.89088,32.870917],[128.908946,32.866441],[128.924327,32.851508],[128.929454,32.849799],[128.926768,32.862209],[128.928966,32.864691],[128.937673,32.860785],[128.942149,32.86518],[128.94337,32.876288],[128.946544,32.880194],[128.951182,32.876451],[128.953136,32.874213]]],[[[129.027843,32.899807],[129.02947,32.89175],[129.029959,32.888617],[129.028168,32.855658],[129.024099,32.848049],[129.017914,32.848049],[129.017426,32.856676],[129.013682,32.858791],[129.006602,32.864691],[128.996837,32.866645],[128.982677,32.86225],[128.97755,32.864],[128.973806,32.869045],[128.969493,32.871487],[128.968028,32.873684],[128.964122,32.889553],[128.96461,32.898261],[128.972992,32.898505],[128.99171,32.889838],[128.995616,32.89053],[128.994477,32.895331],[128.98878,32.900214],[128.983735,32.906643],[128.98227,32.912421],[128.979666,32.91649],[128.97934,32.920233],[128.982677,32.923245],[128.984711,32.926093],[128.98463,32.929185],[128.992442,32.929429],[129.009613,32.924506],[129.020681,32.916693],[129.024587,32.908637],[129.027843,32.899807]]],[[[129.135509,33.299872],[129.143321,33.284817],[129.150157,33.276516],[129.149587,33.269029],[129.134288,33.258612],[129.127289,33.247504],[129.119151,33.246527],[129.103201,33.249172],[129.092133,33.255439],[129.085785,33.260077],[129.079763,33.261298],[129.075043,33.259914],[129.076182,33.268785],[129.089122,33.283271],[129.10377,33.288967],[129.113129,33.291409],[129.128266,33.301581],[129.135509,33.299872]]],[[[129.555919,33.493964],[129.573416,33.49608],[129.576427,33.488349],[129.568044,33.478502],[129.554454,33.473456],[129.539399,33.475165],[129.526866,33.480455],[129.519054,33.478176],[129.516449,33.473538],[129.511974,33.472968],[129.503184,33.4737],[129.506684,33.4831],[129.524669,33.497545],[129.541759,33.50731],[129.551768,33.506903],[129.554861,33.499823],[129.555919,33.493964]]],[[[132.641368,34.014065],[132.643891,34.01142],[132.644298,34.000881],[132.642751,33.989936],[132.640961,33.983954],[132.636974,33.979234],[132.63502,33.97484],[132.634451,33.96483],[132.620291,33.953803],[132.600434,33.949897],[132.589122,33.956448],[132.586925,33.969672],[132.596365,33.980943],[132.606456,33.989203],[132.61378,33.994045],[132.617931,33.995673],[132.624522,33.999091],[132.636404,34.008287],[132.641368,34.014065]]],[[[133.093516,34.174302],[133.099132,34.175198],[133.101736,34.170966],[133.094412,34.160386],[133.045177,34.118394],[133.027843,34.111558],[133.0171,34.118842],[133.016856,34.136298],[133.02003,34.149644],[133.025645,34.154446],[133.031749,34.15412],[133.036794,34.153266],[133.033946,34.161363],[133.026215,34.176174],[133.033051,34.189399],[133.055431,34.193549],[133.071544,34.188056],[133.076671,34.18065],[133.083018,34.175035],[133.093516,34.174302]]],[[[132.738536,34.196967],[132.755056,34.189114],[132.761404,34.177151],[132.756114,34.167467],[132.747406,34.162543],[132.740001,34.159898],[132.737559,34.161607],[132.737315,34.168402],[132.731619,34.171332],[132.723643,34.170803],[132.697927,34.181342],[132.688975,34.189887],[132.69516,34.200141],[132.708995,34.203315],[132.728852,34.198798],[132.738536,34.196967]]],[[[132.921153,34.27733],[132.928477,34.284003],[132.932302,34.274848],[132.928477,34.251939],[132.919119,34.232896],[132.916759,34.221869],[132.905772,34.21308],[132.883067,34.208645],[132.863129,34.208482],[132.849946,34.215155],[132.843028,34.22842],[132.846446,34.24022],[132.854015,34.245022],[132.857188,34.245836],[132.885997,34.257025],[132.897146,34.256741],[132.908214,34.262885],[132.921153,34.27733]]],[[[132.33839,34.304429],[132.344249,34.29564],[132.34547,34.286566],[132.344981,34.281968],[132.325531,34.264716],[132.295909,34.243232],[132.279307,34.238349],[132.267914,34.244452],[132.267263,34.253607],[132.286632,34.27912],[132.298839,34.292222],[132.314464,34.300442],[132.328624,34.30622],[132.33839,34.304429]]],[[[133.715668,34.396145],[133.724457,34.384467],[133.725841,34.371405],[133.72047,34.363837],[133.712901,34.359442],[133.706309,34.354641],[133.703136,34.351752],[133.695811,34.354804],[133.688487,34.366156],[133.691905,34.378404],[133.705333,34.391791],[133.708263,34.397284],[133.715668,34.396145]]],[[[135.205179,34.430491],[135.240971,34.454647],[135.257054,34.435778],[135.224416,34.416304],[135.210542,34.421906],[135.205179,34.430491]]],[[[134.049001,34.474351],[134.03948,34.478298],[134.036632,34.48078],[134.038341,34.483303],[134.04599,34.487657],[134.054861,34.488837],[134.072032,34.498481],[134.083425,34.500718],[134.087413,34.497829],[134.095388,34.49197],[134.101817,34.491441],[134.104503,34.490261],[134.102875,34.480943],[134.083995,34.459825],[134.076182,34.460761],[134.067882,34.466702],[134.067068,34.467027],[134.049001,34.474351]]],[[[136.891968,34.496692],[136.898992,34.504053],[136.908953,34.502362],[136.906906,34.49415],[136.902471,34.48606],[136.891202,34.479708],[136.883204,34.475366],[136.877536,34.483176],[136.872599,34.491139],[136.891968,34.496692]]],[[[136.890179,34.531201],[136.896474,34.538411],[136.910052,34.540109],[136.902486,34.531974],[136.903175,34.525015],[136.889063,34.522553],[136.873985,34.513413],[136.856216,34.510139],[136.849127,34.515037],[136.865917,34.521327],[136.890179,34.531201]]],[[[136.79806,34.876401],[136.810969,34.876306],[136.823503,34.862037],[136.825951,34.849076],[136.814701,34.846307],[136.815002,34.839917],[136.807731,34.839196],[136.79806,34.876401]]],[[[137.048106,37.152289],[137.045258,37.145087],[137.044444,37.136705],[137.045909,37.128119],[137.038748,37.120103],[137.022227,37.114447],[137.003754,37.113471],[136.98585,37.108303],[136.972667,37.10163],[136.963227,37.101549],[136.947276,37.096991],[136.943696,37.097357],[136.934825,37.10814],[136.915538,37.127753],[136.905284,37.143622],[136.911469,37.150946],[136.919607,37.147447],[136.923513,37.140082],[136.928396,37.137763],[136.934337,37.141791],[136.941254,37.144436],[136.950206,37.144761],[136.959321,37.147366],[136.966645,37.151801],[136.973643,37.153266],[136.981212,37.151313],[136.989024,37.145331],[136.999034,37.139472],[137.008556,37.140611],[137.016287,37.144843],[137.027192,37.155219],[137.041759,37.159735],[137.048106,37.152289]]]]}}]}